name,bbg_root,ric_root,mktgroup,asset_class,quote_cols,currency,multiplier,low,high,max_change,max_spread_bps,avg_spread_bps,avg_vol_pct,spread_over_vol,local_tz,start_time,start_tz,end_time,end_tz
audjpy_curncy_1M_0.5,,,,bvol-curncy_g10,implied_vol,,,,,,,,,,,,,,
audusd_curncy_1M_0.5,,,,bvol-curncy_g10,implied_vol,,,,,,,,,,,,,,
eurgbp_curncy_1M_0.5,,,,bvol-curncy_g10,implied_vol,,,,,,,,,,,,,,
eurusd_curncy_1M_0.5,,,,bvol-curncy_g10,implied_vol,,,,,,,,,,,,,,
gbpusd_curncy_1M_0.5,,,,bvol-curncy_g10,implied_vol,,,,,,,,,,,,,,
nzdusd_curncy_1M_0.5,,,,bvol-curncy_g10,implied_vol,,,,,,,,,,,,,,
usdcad_curncy_1M_0.5,,,,bvol-curncy_g10,implied_vol,,,,,,,,,,,,,,
usdchf_curncy_1M_0.5,,,,bvol-curncy_g10,implied_vol,,,,,,,,,,,,,,
usdjpy_curncy_1M_0.5,,,,bvol-curncy_g10,implied_vol,,,,,,,,,,,,,,
usdnok_curncy_1M_0.5,,,,bvol-curncy_g10,implied_vol,,,,,,,,,,,,,,
usdsek_curncy_1M_0.5,,,,bvol-curncy_g10,implied_vol,,,,,,,,,,,,,,
usdbrl_curncy,,,,bvol-curncy_em,implied_vol,,,,,,,,,,,,,,
usdclp_curncy,,,,bvol-curncy_em,implied_vol,,,,,,,,,,,,,,
usdcnh_curncy,,,,bvol-curncy_em,implied_vol,,,,,,,,,,,,,,
usdcny_curncy,,,,bvol-curncy_em,implied_vol,,,,,,,,,,,,,,
usdcop_curncy,,,,bvol-curncy_em,implied_vol,,,,,,,,,,,,,,
usdczk_curncy,,,,bvol-curncy_em,implied_vol,,,,,,,,,,,,,,
usddkk_curncy,,,,bvol-curncy_em,implied_vol,,,,,,,,,,,,,,
usdhuf_curncy,,,,bvol-curncy_em,implied_vol,,,,,,,,,,,,,,
usdidr_curncy,,,,bvol-curncy_em,implied_vol,,,,,,,,,,,,,,
usdils_curncy,,,,bvol-curncy_em,implied_vol,,,,,,,,,,,,,,
usdinr_curncy,,,,bvol-curncy_em,implied_vol,,,,,,,,,,,,,,
usdkrw_curncy,,,,bvol-curncy_em,implied_vol,,,,,,,,,,,,,,
usdmxn_curncy,,,,bvol-curncy_em,implied_vol,,,,,,,,,,,,,,
usdmyr_curncy,,,,bvol-curncy_em,implied_vol,,,,,,,,,,,,,,
usdpen_curncy,,,,bvol-curncy_em,implied_vol,,,,,,,,,,,,,,
usdphp_curncy,,,,bvol-curncy_em,implied_vol,,,,,,,,,,,,,,
usdpln_curncy,,,,bvol-curncy_em,implied_vol,,,,,,,,,,,,,,
usdrub_curncy,,,,bvol-curncy_em,implied_vol,,,,,,,,,,,,,,
usdsgd_curncy,,,,bvol-curncy_em,implied_vol,,,,,,,,,,,,,,
usdthb_curncy,,,,bvol-curncy_em,implied_vol,,,,,,,,,,,,,,
usdtry_curncy,,,,bvol-curncy_em,implied_vol,,,,,,,,,,,,,,
usdtwd_curncy,,,,bvol-curncy_em,implied_vol,,,,,,,,,,,,,,
usdzar_curncy,,,,bvol-curncy_em,implied_vol,,,,,,,,,,,,,,
as51_index_1M_0.9,,,,bvol-index,implied_vol,AUD,,,,,,,,,Australia/Sydney,,Australia/Sydney,,Australia/Sydney
as51_index_1M_1,,,,bvol-index,implied_vol,AUD,,,,,,,,,Australia/Sydney,,Australia/Sydney,,Australia/Sydney
as51_index_1M_1.1,,,,bvol-index,implied_vol,AUD,,,,,,,,,Australia/Sydney,,Australia/Sydney,,Australia/Sydney
ibov_index,,,,bvol-index,implied_vol,BRL,,,,,,,,,,,,,
smi_index,,,,bvol-index,implied_vol,CHF,,,,,,,,,,,,,
aex_index,,,,bvol-index,implied_vol,EUR,,,,,,,,,,,,,
cac_index,,,,bvol-index,implied_vol,EUR,,,,,,,,,,,,,
dax_index,,,,bvol-index,implied_vol,EUR,,,,,,,,,,,,,
ftsemib_index,,,,bvol-index,implied_vol,EUR,,,,,,,,,,,,,
ibex_index,,,,bvol-index,implied_vol,EUR,,,,,,,,,,,,,
sx5e_index,,,,bvol-index,implied_vol,EUR,,,,,,,,,,,,,
ukx_index,,,,bvol-index,implied_vol,GBP,,,,,,,,,,,,,
hscei_index,,,,bvol-index,implied_vol,HKD,,,,,,,,,,,,,
hsi_index_1M_0.9,,,,bvol-index,implied_vol,HKD,,,,,,,,,Asia/Hong_Kong,,Asia/Hong_Kong,,Asia/Hong_Kong
hsi_index_1M_1,,,,bvol-index,implied_vol,HKD,,,,,,,,,Asia/Hong_Kong,,Asia/Hong_Kong,,Asia/Hong_Kong
hsi_index_1M_1.1,,,,bvol-index,implied_vol,HKD,,,,,,,,,Asia/Hong_Kong,,Asia/Hong_Kong,,Asia/Hong_Kong
nifty_index_1M_0.9,,,,bvol-index,implied_vol,INR,,,,,,,,,Asia/Kolkata,,Asia/Kolkata,,Asia/Kolkata
nifty_index_1M_1,,,,bvol-index,implied_vol,INR,,,,,,,,,Asia/Kolkata,,Asia/Kolkata,,Asia/Kolkata
nifty_index_1M_1.1,,,,bvol-index,implied_vol,INR,,,,,,,,,Asia/Kolkata,,Asia/Kolkata,,Asia/Kolkata
nky_index_1M_0.9,,,,bvol-index,implied_vol,JPY,,,,,,,,,Asia/Tokyo,,Asia/Tokyo,,Asia/Tokyo
nky_index_1M_1,,,,bvol-index,implied_vol,JPY,,,,,,,,,Asia/Tokyo,,Asia/Tokyo,,Asia/Tokyo
nky_index_1M_1.1,,,,bvol-index,implied_vol,JPY,,,,,,,,,Asia/Tokyo,,Asia/Tokyo,,Asia/Tokyo
tpx_index,,,,bvol-index,implied_vol,JPY,,,,,,,,,,,,,
kospi2_index_1M_0.9,,,,bvol-index,implied_vol,KRW,,,,,,,,,Asia/Seoul,,Asia/Seoul,,Asia/Seoul
kospi2_index_1M_1,,,,bvol-index,implied_vol,KRW,,,,,,,,,Asia/Seoul,,Asia/Seoul,,Asia/Seoul
kospi2_index_1M_1.1,,,,bvol-index,implied_vol,KRW,,,,,,,,,Asia/Seoul,,Asia/Seoul,,Asia/Seoul
omx_index,,,,bvol-index,implied_vol,SEK,,,,,,,,,,,,,
twse_index_1M_0.9,,,,bvol-index,implied_vol,TWD,,,,,,,,,Asia/Taipei,,Asia/Taipei,,Asia/Taipei
twse_index_1M_1,,,,bvol-index,implied_vol,TWD,,,,,,,,,Asia/Taipei,,Asia/Taipei,,Asia/Taipei
twse_index_1M_1.1,,,,bvol-index,implied_vol,TWD,,,,,,,,,Asia/Taipei,,Asia/Taipei,,Asia/Taipei
spx_index,,,,bvol-index,implied_vol,USD,,,,,,,,,,,,,
esa_index,,,,bvol-index,implied_vol,,,,,,,,,,,,,,
gld_us_equity_1M_0.8,,,,bvol-us_equity,implied_vol,USD,,,,,,,,,America/New_York,9:30:00,America/New_York,16:01:00,America/New_York
gld_us_equity_1M_1,,,,bvol-us_equity,implied_vol,USD,,,,,,,,,America/New_York,9:30:00,America/New_York,16:01:00,America/New_York
gld_us_equity_1M_1.2,,,,bvol-us_equity,implied_vol,USD,,,,,,,,,America/New_York,9:30:00,America/New_York,16:01:00,America/New_York
gld_us_equity_3M_0.8,,,,bvol-us_equity,implied_vol,USD,,,,,,,,,America/New_York,9:30:00,America/New_York,16:01:00,America/New_York
gld_us_equity_3M_1,,,,bvol-us_equity,implied_vol,USD,,,,,,,,,America/New_York,9:30:00,America/New_York,16:01:00,America/New_York
gld_us_equity_3M_1.2,,,,bvol-us_equity,implied_vol,USD,,,,,,,,,America/New_York,9:30:00,America/New_York,16:01:00,America/New_York
CDXEM5Y,,CDXEM,USCDS,cds_index,price_bid_ask,USD,,0.5,1.5,,320,8.4,,,America/New_York,6:30:00,America/New_York,17:00:00,America/New_York
CDXHY5Y,,CDXHY,USCDS,cds_index,price_bid_ask,USD,,0.5,1.5,,260,9.9,,,America/New_York,6:30:00,America/New_York,17:00:00,America/New_York
CDXIG5Y,,CDXIG,USCDS,cds_index,price_bid_ask,USD,,0.5,1.5,,100,2.4,,,America/New_York,6:30:00,America/New_York,17:00:00,America/New_York
ITEEU5Y,,ITEEU,EUCDS,cds_index,price_bid_ask,EUR,,0.5,1.5,,50,3.4,,,Europe/London,6:30:00,Europe/London,17:00:00,Europe/London
ITEFA5Y,,ITEFA,EUCDS,cds_index,price_bid_ask,EUR,,0.5,1.5,,70,6.1,,,Europe/London,6:30:00,Europe/London,17:00:00,Europe/London
ITEXO5Y,,ITEXO,EUCDS,cds_index,price_bid_ask,EUR,,0.5,1.5,,180,14.6,,,Europe/London,6:30:00,Europe/London,17:00:00,Europe/London
BBN,,,USETF,etf_us,price_bid_ask,USD,1,1,1000,,600,17.3,,,America/New_York,9:30:00,America/New_York,16:00:00,America/New_York
BKN,,,USETF,etf_us,price_bid_ask,USD,1,1,1000,,600,41.27,,,America/New_York,9:30:00,America/New_York,16:00:00,America/New_York
DBA,,,USETF,etf_us-commo,price_bid_ask,USD,1,1,1000,,100,8.07,,,America/New_York,9:30:00,America/New_York,16:00:00,America/New_York
FCG,,,USETF,etf_us-commo,price_bid_ask,USD,1,0.5,500,,120,6.5,,,America/New_York,9:30:00,America/New_York,16:00:00,America/New_York
GLD,,,USETF,etf_us-commo,price_bid_ask,USD,1,1,1000,,25,0.68,,,America/New_York,9:30:00,America/New_York,16:00:00,America/New_York
URA,,,USETF,etf_us-commo,price_bid_ask,USD,1,0,500,,700,12.5,,,America/New_York,9:30:00,America/New_York,16:00:00,America/New_York
USO,,,USETF,etf_us-commo,price_bid_ask,USD,1,0,1000,,50,3.68,,,America/New_York,9:30:00,America/New_York,16:00:00,America/New_York
AAXJ,,,USETF,etf_us-equity,price_bid_ask,USD,1,1,1000,,400,7.16,,,America/New_York,9:30:00,America/New_York,16:00:00,America/New_York
ARKK,,,USETF,etf_us-equity,price_bid_ask,USD,1,1,1000,,300,11.36,,,America/New_York,9:30:00,America/New_York,16:00:00,America/New_York
ASHR,,,USETF,etf_us-equity,price_bid_ask,USD,1,1,1000,,250,4.52,,,America/New_York,9:30:00,America/New_York,16:00:00,America/New_York
COPX,,,USETF,etf_us-equity,price_bid_ask,USD,1,1,200,,500,21,,,America/New_York,9:30:00,America/New_York,16:00:00,America/New_York
DIA,,,USETF,etf_us-equity,price_bid_ask,USD,1,1,1000,,60,0.81,,,America/New_York,9:30:00,America/New_York,16:00:00,America/New_York
ECH,,,USETF,etf_us-equity,price_bid_ask,USD,1,1,200,,1000,13,,,America/New_York,9:30:00,America/New_York,16:00:00,America/New_York
EEM,,,USETF,etf_us-equity,price_bid_ask,USD,1,1,1000,,100,2.32,,,America/New_York,9:30:00,America/New_York,16:00:00,America/New_York
EFA,,,USETF,etf_us-equity,price_bid_ask,USD,1,10,500,,500,2.48,,,America/New_York,9:30:00,America/New_York,16:00:00,America/New_York
EIDO,,,USETF,etf_us-equity,price_bid_ask,USD,1,1,1000,,750,8.4,,,America/New_York,9:30:00,America/New_York,16:00:00,America/New_York
EPU,,,USETF,etf_us-equity,price_bid_ask,USD,1,1,150,,500,38.5,,,America/New_York,9:30:00,America/New_York,16:00:00,America/New_York
EWJ,,,USETF,etf_us-equity,price_bid_ask,USD,1,1,1000,,100,1.7,,,America/New_York,9:30:00,America/New_York,16:00:00,America/New_York
EWT,,,USETF,etf_us-equity,price_bid_ask,USD,1,1,300,,450,2.2,,,America/New_York,9:30:00,America/New_York,16:00:00,America/New_York
EWW,,,USETF,etf_us-equity,price_bid_ask,USD,1,1,1000,,400,2.4,,,America/New_York,9:30:00,America/New_York,16:00:00,America/New_York
EWZ,,,USETF,etf_us-equity,price_bid_ask,USD,1,1,400,,100,3,,,America/New_York,9:30:00,America/New_York,16:00:00,America/New_York
FCX,,,USETF,etf_us-equity,price_bid_ask,USD,1,0.5,500,,100,3.9,,,America/New_York,9:30:00,America/New_York,16:00:00,America/New_York
GDX,,,USETF,etf_us-equity,price_bid_ask,USD,1,1,1000,,100,3.3,,,America/New_York,9:30:00,America/New_York,16:00:00,America/New_York
GDXJ,,,USETF,etf_us-equity,price_bid_ask,USD,1,1,1000,,150,2.7,,,America/New_York,9:30:00,America/New_York,16:00:00,America/New_York
GXG,,,USETF,etf_us-equity,price_bid_ask,USD,1,1,130,,500,63,,,America/New_York,9:30:00,America/New_York,16:00:00,America/New_York
IJR,,,USETF,etf_us-equity,price_bid_ask,USD,1,1,1000,,120,1.32,,,America/New_York,9:30:00,America/New_York,16:00:00,America/New_York
INDA,,,USETF,etf_us-equity,price_bid_ask,USD,1,1,100,,150,2.5,,,America/New_York,9:30:00,America/New_York,16:00:00,America/New_York
ITB,,,USETF,etf_us-equity,price_bid_ask,USD,1,1,1000,,210,2.04,,,America/New_York,9:30:00,America/New_York,16:00:00,America/New_York
IWD,,,USETF,etf_us-equity,price_bid_ask,USD,1,1,1000,,250,1.21,,,America/New_York,9:30:00,America/New_York,16:00:00,America/New_York
IWF,,,USETF,etf_us-equity,price_bid_ask,USD,1,1,1000,,60,1.83,,,America/New_York,9:30:00,America/New_York,16:00:00,America/New_York
IWM,,,USETF,etf_us-equity,price_bid_ask,USD,1,1,1000,,60,0.65,,,America/New_York,9:30:00,America/New_York,16:00:00,America/New_York
IWN,,,USETF,etf_us-equity,price_bid_ask,USD,1,1,1000,,100,3.02,,,America/New_York,9:30:00,America/New_York,16:00:00,America/New_York
IWO,,,USETF,etf_us-equity,price_bid_ask,USD,1,1,1000,,150,7.2,,,America/New_York,9:30:00,America/New_York,16:00:00,America/New_York
KBE,,,USETF,etf_us-equity,price_bid_ask,USD,1,1,1000,,85,2.45,,,America/New_York,9:30:00,America/New_York,16:00:00,America/New_York
KRE,,,USETF,etf_us-equity,price_bid_ask,USD,1,1,1000,,100,1.98,,,America/New_York,9:30:00,America/New_York,16:00:00,America/New_York
MTUM,,,USETF,etf_us-equity,price_bid_ask,USD,1,1,1000,,140,1.94,,,America/New_York,9:30:00,America/New_York,16:00:00,America/New_York
QQQ,,,USETF,etf_us-equity,price_bid_ask,USD,1,1,1000,,10,0.47,,,America/New_York,9:30:00,America/New_York,16:00:00,America/New_York
QUAL,,,USETF,etf_us-equity,price_bid_ask,USD,1,1,1000,,250,1.67,,,America/New_York,9:30:00,America/New_York,16:00:00,America/New_York
SIL,,,USETF,etf_us-equity,price_bid_ask,USD,1,1,200,,500,17,,,America/New_York,9:30:00,America/New_York,16:00:00,America/New_York
SMH,,,USETF,etf_us-equity,price_bid_ask,USD,1,1,1000,,100,1.4,,,America/New_York,9:30:00,America/New_York,16:00:00,America/New_York
SPY,,,USETF,etf_us-equity,price_bid_ask,USD,1,1,1000,,10,0.32,,,America/New_York,9:30:00,America/New_York,16:00:00,America/New_York
SSO,,,USETF,etf_us-equity,price_bid_ask,USD,1,1,100,,35,1.87,,,America/New_York,9:30:00,America/New_York,16:00:00,America/New_York
THD,,,USETF,etf_us-equity,price_bid_ask,USD,1,1,200,,500,15.5,,,America/New_York,9:30:00,America/New_York,16:00:00,America/New_York
TSM,,,USETF,etf_us-equity,price_bid_ask,USD,1,0,1000,,80,1.89,,,America/New_York,9:30:00,America/New_York,16:00:00,America/New_York
URNM,,,USETF,etf_us-equity,price_bid_ask,USD,1,1,500,,1000,42,,,America/New_York,9:30:00,America/New_York,16:00:00,America/New_York
VB,,,USETF,etf_us-equity,price_bid_ask,USD,1,1,1000,,120,6.34,,,America/New_York,9:30:00,America/New_York,16:00:00,America/New_York
VLUE,,,USETF,etf_us-equity,price_bid_ask,USD,1,1,1000,,170,2.12,,,America/New_York,9:30:00,America/New_York,16:00:00,America/New_York
VNQ,,,USETF,etf_us-equity,price_bid_ask,USD,1,1,1000,,350,1.18,,,America/New_York,9:30:00,America/New_York,16:00:00,America/New_York
VXX,,,USETF,etf_us-equity,price_bid_ask,USD,1,1,500,,500,8.18,,,America/New_York,9:30:00,America/New_York,16:00:00,America/New_York
XLB,,,USETF,etf_us-equity,price_bid_ask,USD,1,1,1000,,100,1.45,,,America/New_York,9:30:00,America/New_York,16:00:00,America/New_York
XLC,,,USETF,etf_us-equity,price_bid_ask,USD,1,1,1000,,80,1.72,,,America/New_York,9:30:00,America/New_York,16:00:00,America/New_York
XLE,,,USETF,etf_us-equity,price_bid_ask,USD,1,1,1000,,90,1.77,,,America/New_York,9:30:00,America/New_York,16:00:00,America/New_York
XLF,,,USETF,etf_us-equity,price_bid_ask,USD,1,1,1000,,60,3.26,,,America/New_York,9:30:00,America/New_York,16:00:00,America/New_York
XLI,,,USETF,etf_us-equity,price_bid_ask,USD,1,1,1000,,90,1.15,,,America/New_York,9:30:00,America/New_York,16:00:00,America/New_York
XLK,,,USETF,etf_us-equity,price_bid_ask,USD,1,1,1000,,50,0.86,,,America/New_York,9:30:00,America/New_York,16:00:00,America/New_York
XLP,,,USETF,etf_us-equity,price_bid_ask,USD,1,1,1000,,120,1.51,,,America/New_York,9:30:00,America/New_York,16:00:00,America/New_York
XLRE,,,USETF,etf_us-equity,price_bid_ask,USD,1,1,1000,,80,2.57,,,America/New_York,9:30:00,America/New_York,16:00:00,America/New_York
XLU,,,USETF,etf_us-equity,price_bid_ask,USD,1,1,1000,,40,1.58,,,America/New_York,9:30:00,America/New_York,16:00:00,America/New_York
XLV,,,USETF,etf_us-equity,price_bid_ask,USD,1,1,1000,,70,0.91,,,America/New_York,9:30:00,America/New_York,16:00:00,America/New_York
XLY,,,USETF,etf_us-equity,price_bid_ask,USD,1,1,1000,,50,0.88,,,America/New_York,9:30:00,America/New_York,16:00:00,America/New_York
XME,,,USETF,etf_us-equity,price_bid_ask,USD,1,0.5,249,,60,2.6,,,America/New_York,9:30:00,America/New_York,16:00:00,America/New_York
XOP,,,USETF,etf_us-equity,price_bid_ask,USD,1,1,1000,,23,2.3,,,America/New_York,9:30:00,America/New_York,16:00:00,America/New_York
AGG,,,USETF,etf_us-fixed_income,price_bid_ask,USD,1,1,1000,,90,0.94,,,America/New_York,9:30:00,America/New_York,16:00:00,America/New_York
AGZ,,,USETF,etf_us-fixed_income,price_bid_ask,USD,1,10,200,,700,22.39,,,America/New_York,9:30:00,America/New_York,16:00:00,America/New_York
ANGL,,,USETF,etf_us-fixed_income,price_bid_ask,USD,1,1,1000,,500,4.11,,,America/New_York,9:30:00,America/New_York,16:00:00,America/New_York
BAB,,,USETF,etf_us-fixed_income,price_bid_ask,USD,1,1,1000,,1000,17.43,,,America/New_York,9:30:00,America/New_York,16:00:00,America/New_York
BKLN,,,USETF,etf_us-fixed_income,price_bid_ask,USD,1,1,1000,,150,4.64,,,America/New_York,9:30:00,America/New_York,16:00:00,America/New_York
BND,,,USETF,etf_us-fixed_income,price_bid_ask,USD,1,1,1000,,45,3.63,,,America/New_York,9:30:00,America/New_York,16:00:00,America/New_York
BNDX,,,USETF,etf_us-fixed_income,price_bid_ask,USD,1,1,1000,,100,4.87,,,America/New_York,9:30:00,America/New_York,16:00:00,America/New_York
CBON,,,USETF,etf_us-fixed_income,price_bid_ask,USD,1,1,1000,,200,35.3,,,America/New_York,9:30:00,America/New_York,16:00:00,America/New_York
CEMB,,,USETF,etf_us-fixed_income,price_bid_ask,USD,1,1,1000,,450,29.22,,,America/New_York,9:30:00,America/New_York,16:00:00,America/New_York
CMBS,,,USETF,etf_us-fixed_income,price_bid_ask,USD,1,1,1000,,500,30.17,,,America/New_York,9:30:00,America/New_York,16:00:00,America/New_York
CMF,,,USETF,etf_us-fixed_income,price_bid_ask,USD,1,1,1000,,200,12.26,,,America/New_York,9:30:00,America/New_York,16:00:00,America/New_York
CWB,,,USETF,etf_us-fixed_income,price_bid_ask,USD,1,1,1000,,420,7.76,,,America/New_York,9:30:00,America/New_York,16:00:00,America/New_York
DFNM,,,USETF,etf_us-fixed_income,price_bid_ask,USD,1,1,1000,,900,13.18,,,America/New_York,9:30:00,America/New_York,16:00:00,America/New_York
EMB,,,USETF,etf_us-fixed_income,price_bid_ask,USD,1,1,1000,,200,1.08,,,America/New_York,9:30:00,America/New_York,16:00:00,America/New_York
EMLC,,,USETF,etf_us-fixed_income,price_bid_ask,USD,1,1,1000,,450,8.69,,,America/New_York,9:30:00,America/New_York,16:00:00,America/New_York
FALN,,,USETF,etf_us-fixed_income,price_bid_ask,USD,1,1,1000,,200,9.94,,,America/New_York,9:30:00,America/New_York,16:00:00,America/New_York
FLOT,,,USETF,etf_us-fixed_income,price_bid_ask,USD,1,10,500,,200,2.3,,,America/New_York,9:30:00,America/New_York,16:00:00,America/New_York
FPE,,,USETF,etf_us-fixed_income,price_bid_ask,USD,1,1,1000,,420,5.83,,,America/New_York,9:30:00,America/New_York,16:00:00,America/New_York
FTSL,,,USETF,etf_us-fixed_income,price_bid_ask,USD,1,1,1000,,130,5.66,,,America/New_York,9:30:00,America/New_York,16:00:00,America/New_York
HYD,,,USETF,etf_us-fixed_income,price_bid_ask,USD,1,1,1000,,200,3.33,,,America/New_York,9:30:00,America/New_York,16:00:00,America/New_York
HYG,,,USETF,etf_us-fixed_income,price_bid_ask,USD,1,1,1000,,150,1.23,,,America/New_York,9:30:00,America/New_York,16:00:00,America/New_York
HYGH,,,USETF,etf_us-fixed_income,price_bid_ask,USD,1,10,500,,500,15.26,,,America/New_York,9:30:00,America/New_York,16:00:00,America/New_York
HYMB,,,USETF,etf_us-fixed_income,price_bid_ask,USD,1,1,1000,,350,6.92,,,America/New_York,9:30:00,America/New_York,16:00:00,America/New_York
ICVT,,,USETF,etf_us-fixed_income,price_bid_ask,USD,1,1,1000,,410,11.6,,,America/New_York,9:30:00,America/New_York,16:00:00,America/New_York
IEF,,,USETF,etf_us-fixed_income,price_bid_ask,USD,1,1,1000,,50,0.96,,,America/New_York,9:30:00,America/New_York,16:00:00,America/New_York
IGIB,,,USETF,etf_us-fixed_income,price_bid_ask,USD,1,10,500,,1000,17.9,,,America/New_York,9:30:00,America/New_York,16:00:00,America/New_York
IGLB,,,USETF,etf_us-fixed_income,price_bid_ask,USD,1,10,500,,1000,25.73,,,America/New_York,9:30:00,America/New_York,16:00:00,America/New_York
IGSB,,,USETF,etf_us-fixed_income,price_bid_ask,USD,1,10,500,,250,11.31,,,America/New_York,9:30:00,America/New_York,16:00:00,America/New_York
JNK,,,USETF,etf_us-fixed_income,price_bid_ask,USD,1,1,500,,200,1.07,,,America/New_York,9:30:00,America/New_York,16:00:00,America/New_York
LQD,,,USETF,etf_us-fixed_income,price_bid_ask,USD,1,1,1000,,350,0.86,,,America/New_York,9:30:00,America/New_York,16:00:00,America/New_York
LQDH,,,USETF,etf_us-fixed_income,price_bid_ask,USD,1,10,500,,90,11.68,,,America/New_York,9:30:00,America/New_York,16:00:00,America/New_York
MBB,,,USETF,etf_us-fixed_income,price_bid_ask,USD,1,1,1000,,450,1.09,,,America/New_York,9:30:00,America/New_York,16:00:00,America/New_York
MUB,,,USETF,etf_us-fixed_income,price_bid_ask,USD,1,1,1000,,110,1.02,,,America/New_York,9:30:00,America/New_York,16:00:00,America/New_York
PFF,,,USETF,etf_us-fixed_income,price_bid_ask,USD,1,1,1000,,250,2.89,,,America/New_York,9:30:00,America/New_York,16:00:00,America/New_York
PGX,,,USETF,etf_us-fixed_income,price_bid_ask,USD,1,1,1000,,250,7.43,,,America/New_York,9:30:00,America/New_York,16:00:00,America/New_York
SHY,,,USETF,etf_us-fixed_income,price_bid_ask,USD,1,1,500,,10,1.2,,,America/New_York,9:30:00,America/New_York,16:00:00,America/New_York
SJNK,,,USETF,etf_us-fixed_income,price_bid_ask,USD,1,1,1000,,160,3.88,,,America/New_York,9:30:00,America/New_York,16:00:00,America/New_York
SRLN,,,USETF,etf_us-fixed_income,price_bid_ask,USD,1,1,1000,,250,3.21,,,America/New_York,9:30:00,America/New_York,16:00:00,America/New_York
TFI,,,USETF,etf_us-fixed_income,price_bid_ask,USD,1,1,1000,,700,2.96,,,America/New_York,9:30:00,America/New_York,16:00:00,America/New_York
TIP,,,USETF,etf_us-fixed_income,price_bid_ask,USD,1,1,1000,,70,0.9,,,America/New_York,9:30:00,America/New_York,16:00:00,America/New_York
TLT,,,USETF,etf_us-fixed_income,price_bid_ask,USD,1,1,1000,,90,0.82,,,America/New_York,9:30:00,America/New_York,16:00:00,America/New_York
USHY,,,USETF,etf_us-fixed_income,price_bid_ask,USD,1,1,1000,,370,3.02,,,America/New_York,9:30:00,America/New_York,16:00:00,America/New_York
VCIT,,,USETF,etf_us-fixed_income,price_bid_ask,USD,1,10,500,,800,9.2,,,America/New_York,9:30:00,America/New_York,16:00:00,America/New_York
VCLT,,,USETF,etf_us-fixed_income,price_bid_ask,USD,1,10,500,,800,9.86,,,America/New_York,9:30:00,America/New_York,16:00:00,America/New_York
VCSH,,,USETF,etf_us-fixed_income,price_bid_ask,USD,1,10,500,,200,4.76,,,America/New_York,9:30:00,America/New_York,16:00:00,America/New_York
VMBS,,,USETF,etf_us-fixed_income,price_bid_ask,USD,1,1,1000,,140,2.16,,,America/New_York,9:30:00,America/New_York,16:00:00,America/New_York
VRP,,,USETF,etf_us-fixed_income,price_bid_ask,USD,1,1,1000,,280,9.1,,,America/New_York,9:30:00,America/New_York,16:00:00,America/New_York
VTEB,,,USETF,etf_us-fixed_income,price_bid_ask,USD,1,1,1000,,170,2.06,,,America/New_York,9:30:00,America/New_York,16:00:00,America/New_York
NVDA,,,USETF,etf_us-equity,price_bid_ask,USD,1,1,10000,,60,2.74,,,America/New_York,9:30:00,America/New_York,16:00:00,America/New_York
BABA,,,USETF,etf_us-equity,price_bid_ask,USD,1,1,1000,,40,1.74,,,America/New_York,9:30:00,America/New_York,16:00:00,America/New_York
PDD,,,USETF,etf_us-equity,price_bid_ask,USD,1,1,1000,,90,4.65,,,America/New_York,9:30:00,America/New_York,16:00:00,America/New_York
AAPL,,,USETF,etf_us-equity,price_bid_ask,USD,1,1,1000,,20,0.8,,,America/New_York,9:30:00,America/New_York,16:00:00,America/New_York
KWEB,,,USETF,etf_us,price_bid_ask,USD,1,1,1000,,100,3.61,,,America/New_York,9:30:00,America/New_York,16:00:00,America/New_York
SOXX,,,USETF,etf_us,price_bid_ask,USD,1,1,1000,,100,2.95,,,America/New_York,9:30:00,America/New_York,16:00:00,America/New_York
AEM,,,USETF,etf_us-equity,price_bid_ask,USD,1,1,1000,,90,4.09,,,America/New_York,9:30:00,America/New_York,16:00:00,America/New_York
FNV,,,USETF,etf_us-equity,price_bid_ask,USD,1,1,1000,,100,7.03,,,America/New_York,9:30:00,America/New_York,16:00:00,America/New_York
GOLD,,,USETF,etf_us-equity,price_bid_ask,USD,1,1,1000,,50,5.6,,,America/New_York,9:30:00,America/New_York,16:00:00,America/New_York
NEM,,,USETF,etf_us-equity,price_bid_ask,USD,1,1,1000,,50,2.55,,,America/New_York,9:30:00,America/New_York,16:00:00,America/New_York
WPM,,,USETF,etf_us-equity,price_bid_ask,USD,1,1,1000,,80,4.32,,,America/New_York,9:30:00,America/New_York,16:00:00,America/New_York
FXI,,,USETF,etf_us-equity,price_bid_ask,USD,1,1,1000,,15,2.98,,,America/New_York,9:30:00,America/New_York,16:00:00,America/New_York
AUBEI5Y=RR,,AUBEI5Y=RR,XSFE,fixed_income-bei,yield_bid,AUD,,,,,,,,,Australia/Sydney,8:30:00,Australia/Sydney,7:00:00,Australia/Sydney
AUBEI10Y=RR,,AUBEI10Y=RR,XSFE,fixed_income-bei,yield_bid,AUD,,,,,,,,,Australia/Sydney,8:32:00,Australia/Sydney,7:00:00,Australia/Sydney
DEBEI5Y=RR,,DEBEI,DEFI,fixed_income-bei,yield_bid,EUR,,,,,,,,,Europe/Berlin,8:00:00,Europe/Berlin,17:30:00,Europe/Berlin
DEBEI10Y=RR,,DEBEI,DEFI,fixed_income-bei,yield_bid,EUR,,,,,,,,,Europe/Berlin,8:00:00,Europe/Berlin,17:30:00,Europe/Berlin
GBBEI5Y=RR,,GBBEI,GBFI,fixed_income-bei,yield_bid,GBP,,,,,,,,,Europe/London,8:00:00,Europe/London,18:00:00,Europe/London
GBBEI10Y=RR,,GBBEI,GBFI,fixed_income-bei,yield_bid,GBP,,,,,,,,,Europe/London,8:00:00,Europe/London,18:00:00,Europe/London
CABEI5Y=RR,,CABEI,CAFI,fixed_income-bei,yield_bid,CAD,,,,,,,,,Canada/Eastern,7:00:00,Canada/Eastern,16:30:00,Canada/Eastern
CABEI10Y=RR,,CABEI,CAFI,fixed_income-bei,yield_bid,CAD,,,,,,,,,Canada/Eastern,7:00:00,Canada/Eastern,16:30:00,Canada/Eastern
USBEI5Y=RR,,USBEI,USFI,fixed_income-bei,yield_bid,USD,,,,,,,,,America/New_York,19:30:00,America/New_York,17:00:00,America/New_York
USBEI10Y=RR,,USBEI,USFI,fixed_income-bei,yield_bid,USD,,,,,,,,,America/New_York,19:30:00,America/New_York,17:00:00,America/New_York
AU5YIL=RR,,AUIL,XSFE,fixed_income-il,yield_bid_ask,AUD,,,,,,,,,Australia/Sydney,8:30:00,Australia/Sydney,7:00:00,Australia/Sydney
AU10YIL=RR,,AUIL,XSFE,fixed_income-il,yield_bid_ask,AUD,,,,,,,,,Australia/Sydney,8:32:00,Australia/Sydney,7:00:00,Australia/Sydney
DE5YIL=RR,,DEIL,DEFI,fixed_income-il,yield_bid_ask,EUR,,,,,,,,,Europe/Berlin,8:00:00,Europe/Berlin,17:30:00,Europe/Berlin
DE10YIL=RR,,DEIL,DEFI,fixed_income-il,yield_bid_ask,EUR,,,,,,,,,Europe/Berlin,8:00:00,Europe/Berlin,17:30:00,Europe/Berlin
FR5YIL=RR,,FRIL,,fixed_income-il,yield_bid_ask,EUR,,,,,,,,,,,,,
FR10YIL=RR,,FRIL,,fixed_income-il,yield_bid_ask,EUR,,,,,,,,,,,,,
IT5YIL=RR,,ITIL,,fixed_income-il,yield_bid_ask,EUR,,,,,,,,,,,,,
IT10YIL=RR,,ITIL,,fixed_income-il,yield_bid_ask,EUR,,,,,,,,,,,,,
GB5YIL=RR,,GBIL,GBFI,fixed_income-il,yield_bid_ask,GBP,,,,,,,,,Europe/London,8:00:00,Europe/London,18:00:00,Europe/London
GB10YIL=RR,,GBIL,GBFI,fixed_income-il,yield_bid_ask,GBP,,,,,,,,,Europe/London,8:00:00,Europe/London,18:00:00,Europe/London
CA5YIL=RR,,CAIL,CAFI,fixed_income-il,yield_bid_ask,CAD,,,,,,,,,Canada/Eastern,7:00:00,Canada/Eastern,16:30:00,Canada/Eastern
CA10YIL=RR,,CAIL,CAFI,fixed_income-il,yield_bid_ask,CAD,,,,,,,,,Canada/Eastern,7:00:00,Canada/Eastern,16:30:00,Canada/Eastern
US5YTIP=RR,,USTIP,USFI,fixed_income-tip,yield_bid_ask,USD,,-2.7,5,0.5,,,,,America/New_York,2:00:00,America/New_York,17:00:00,America/New_York
US10YTIP=RR,,USTIP,USFI,fixed_income-tip,yield_bid_ask,USD,,-1.4,5,0.3,,,,,America/New_York,2:00:00,America/New_York,17:00:00,America/New_York
USGOV1MZ=R,USGG1M,USGOV,USFI,fixed_income-gov,yield_bid,USD,,,,,,,,,America/New_York,19:05:00,America/New_York,16:45:00,America/New_York
USGOV3MZ=R,USGG3M,USGOV,USFI,fixed_income-gov,yield_bid,USD,,,,,,,,,America/New_York,19:05:00,America/New_York,16:45:00,America/New_York
USGOV6MZ=R,USGG6M,USGOV,USFI,fixed_income-gov,yield_bid,USD,,,,,,,,,America/New_York,19:05:00,America/New_York,16:45:00,America/New_York
USGOV1YZ=R,USGG12M,USGOV,USFI,fixed_income-gov,yield_bid,USD,,-1,6.5,0.3,,,,,America/New_York,19:05:00,America/New_York,16:45:00,America/New_York
USGOV2YZ=R,USGG2YR,USGOV,USFI,fixed_income-gov,yield_bid,USD,,-1,6.5,0.4,,,,,America/New_York,19:05:00,America/New_York,16:45:00,America/New_York
USGOV5YZ=R,USGG5YR,USGOV,USFI,fixed_income-gov,yield_bid,USD,,-1,6.5,0.4,,,,,America/New_York,19:05:00,America/New_York,16:45:00,America/New_York
USGOV7YZ=R,USGG7YR,USGOV,USFI,fixed_income-gov,yield_bid,USD,,-1,6.5,0.4,,,,,America/New_York,19:05:00,America/New_York,16:45:00,America/New_York
USGOV10YZ=R,USGG10YR,USGOV,USFI,fixed_income-gov,yield_bid,USD,,-1,6.5,0.4,,,,,America/New_York,19:05:00,America/New_York,16:45:00,America/New_York
USGOV20YZ=R,USGG20YR,USGOV,USFI,fixed_income-gov,yield_bid,USD,,-1,6.5,0.4,,,,,America/New_York,19:05:00,America/New_York,16:45:00,America/New_York
USGOV30YZ=R,USGG30YR,USGOV,USFI,fixed_income-gov,yield_bid,USD,,-1,6.5,0.4,,,,,America/New_York,19:05:00,America/New_York,16:45:00,America/New_York
CAGOV1YZ=R,GCAN1YR,CAGOV,CAFI,fixed_income-gov,yield_bid,CAD,,,,,,,,,Canada/Eastern,7:00:00,Canada/Eastern,17:00:00,Canada/Eastern
CAGOV2YZ=R,GCAN2YR,CAGOV,CAFI,fixed_income-gov,yield_bid,CAD,,-1,6,0.5,,,,,Canada/Eastern,7:00:00,Canada/Eastern,17:00:00,Canada/Eastern
CAGOV5YZ=R,GCAN5YR,CAGOV,CAFI,fixed_income-gov,yield_bid,CAD,,-1,6,0.8,,,,,Canada/Eastern,7:00:00,Canada/Eastern,17:00:00,Canada/Eastern
CAGOV10YZ=R,GCAN10YR,CAGOV,CAFI,fixed_income-gov,yield_bid,CAD,,-1,6,0.4,,,,,Canada/Eastern,7:00:00,Canada/Eastern,17:00:00,Canada/Eastern
CAGOV20YZ=R,GCAN20YR,CAGOV,CAFI,fixed_income-gov,yield_bid,CAD,,,,,,,,,Canada/Eastern,7:00:00,Canada/Eastern,17:00:00,Canada/Eastern
CHGOV2YZ=R,,CHGOV,XEUR1,fixed_income-gov,yield_bid,CHF,,-2,3,0.2,,,,,Europe/Zurich,8:45:00,Europe/Zurich,17:00:00,Europe/Zurich
CHGOV5YZ=R,,CHGOV,XEUR1,fixed_income-gov,yield_bid,CHF,,-2,3,0.2,,,,,Europe/Zurich,8:45:00,Europe/Zurich,17:00:00,Europe/Zurich
CHGOV10YZ=R,,CHGOV,XEUR1,fixed_income-gov,yield_bid,CHF,,,,,,,,,Europe/Zurich,8:45:00,Europe/Zurich,17:00:00,Europe/Zurich
DEGOV3MZ=R,,DEGOV,DEFI,fixed_income-gov,yield_bid,EUR,,,,,,,,,Europe/Berlin,8:00:00,Europe/Berlin,16:30:00,UTC
DEGOV6MZ=R,,DEGOV,DEFI,fixed_income-gov,yield_bid,EUR,,-1.5,5.9,0.52,,,,,Europe/Berlin,8:00:00,Europe/Berlin,16:30:00,UTC
DEGOV1YZ=R,GDBR1,DEGOV,DEFI,fixed_income-gov,yield_bid,EUR,,-1.5,5.9,0.45,,,,,Europe/Berlin,8:00:00,Europe/Berlin,16:30:00,UTC
DEGOV2YZ=R,GDBR2,DEGOV,DEFI,fixed_income-gov,yield_bid,EUR,,-2,5.9,0.52,,,,,Europe/Berlin,8:00:00,Europe/Berlin,16:30:00,UTC
DEGOV5YZ=R,GDBR5,DEGOV,DEFI,fixed_income-gov,yield_bid,EUR,,-2,5.9,0.52,,,,,Europe/Berlin,8:00:00,Europe/Berlin,16:30:00,UTC
DEGOV10YZ=R,GDBR10,DEGOV,DEFI,fixed_income-gov,yield_bid,EUR,,-2,5.9,0.52,,,,,Europe/Berlin,8:00:00,Europe/Berlin,16:30:00,UTC
DEGOV20YZ=R,GDBR20,DEGOV,DEFI,fixed_income-gov,yield_bid,EUR,,-2,5.9,0.3,,,,,Europe/Berlin,8:00:00,Europe/Berlin,16:30:00,UTC
DEGOV30YZ=R,GDBR30,DEGOV,DEFI,fixed_income-gov,yield_bid,EUR,,-2,5.9,0.6,,,,,Europe/Berlin,8:00:00,Europe/Berlin,16:30:00,UTC
ESGOV2YZ=R,,ESGOV,,fixed_income-gov,yield_bid,EUR,,,,,,,,,Europe/Madrid,7:30:00,UTC,16:30:00,UTC
ESGOV5YZ=R,,ESGOV,,fixed_income-gov,yield_bid,EUR,,,,,,,,,Europe/Madrid,7:30:00,UTC,16:30:00,UTC
ESGOV10YZ=R,,ESGOV,,fixed_income-gov,yield_bid,EUR,,0,10,,,,,,Europe/Madrid,7:30:00,UTC,16:30:00,UTC
FRGOV6MZ=R,,FRGOV,FRFI,fixed_income-gov,yield_bid,EUR,,,,,,,,,Europe/Paris,8:15:00,Europe/Paris,16:30:00,UTC
FRGOV1YZ=R,GFRN1,FRGOV,,fixed_income-gov,yield_bid,EUR,,,,,,,,,Europe/Paris,8:15:00,Europe/Paris,16:30:00,UTC
FRGOV2YZ=R,GFRN2,FRGOV,,fixed_income-gov,yield_bid,EUR,,,,,,,,,Europe/Paris,8:15:00,Europe/Paris,16:30:00,UTC
FRGOV5YZ=R,GFRN5,FRGOV,,fixed_income-gov,yield_bid,EUR,,,,,,,,,Europe/Paris,8:15:00,Europe/Paris,16:30:00,UTC
FRGOV10YZ=R,GFRN10,FRGOV,,fixed_income-gov,yield_bid,EUR,,,,,,,,,Europe/Paris,8:15:00,Europe/Paris,16:30:00,UTC
FRGOV20YZ=R,GFRN10,FRGOV,,fixed_income-gov,yield_bid,EUR,,,,,,,,,Europe/Paris,8:15:00,Europe/Paris,16:30:00,UTC
ITGOV6MZ=R,,ITGOV,ITFI,fixed_income-gov,yield_bid,EUR,,,,,,,,,Europe/Rome,7:00:00,UTC,16:30:00,UTC
ITGOV1YZ=R,GBTPGR1,ITGOV,,fixed_income-gov,yield_bid,EUR,,,,,,,,,Europe/Rome,7:00:00,UTC,16:30:00,UTC
ITGOV2YZ=R,GBTPGR2,ITGOV,,fixed_income-gov,yield_bid,EUR,,,,,,,,,Europe/Rome,7:00:00,UTC,16:30:00,UTC
ITGOV3YZ=R,GBTPGR3,ITGOV,,fixed_income-gov,yield_bid,EUR,,,,,,,,,Europe/Rome,7:00:00,UTC,16:30:00,UTC
ITGOV5YZ=R,GBTPGR5,ITGOV,,fixed_income-gov,yield_bid,EUR,,,,,,,,,Europe/Rome,7:00:00,UTC,16:30:00,UTC
ITGOV10YZ=R,GBTPGR10,ITGOV,,fixed_income-gov,yield_bid,EUR,,,,,,,,,Europe/Rome,7:00:00,UTC,16:30:00,UTC
ITGOV20YZ=R,GBTPGR20,ITGOV,,fixed_income-gov,yield_bid,EUR,,,,,,,,,Europe/Rome,7:00:00,UTC,16:30:00,UTC
GBGOV3MZ=R,,GBGOV,GBFI,fixed_income-gov,yield_bid,GBP,,,,,,,,,Europe/London,8:00:00,Europe/London,16:00:00,UTC
GBGOV6MZ=R,,GBGOV,GBFI,fixed_income-gov,yield_bid,GBP,,,,,,,,,Europe/London,8:00:00,Europe/London,16:00:00,UTC
GBGOV1YZ=R,GUKG1,GBGOV,GBFI,fixed_income-gov,yield_bid,GBP,,,,,,,,,Europe/London,8:00:00,Europe/London,16:00:00,UTC
GBGOV2YZ=R,GUKG2,GBGOV,GBFI,fixed_income-gov,yield_bid,GBP,,-1,7,0.4,,,,,Europe/London,8:00:00,Europe/London,16:00:00,UTC
GBGOV5YZ=R,GUKG5,GBGOV,GBFI,fixed_income-gov,yield_bid,GBP,,-1,7,0.4,,,,,Europe/London,8:00:00,Europe/London,16:00:00,UTC
GBGOV10YZ=R,GUKG10,GBGOV,GBFI,fixed_income-gov,yield_bid,GBP,,-1,7,0.4,,,,,Europe/London,8:00:00,Europe/London,16:00:00,UTC
GBGOV20YZ=R,GUKG20,GBGOV,GBFI,fixed_income-gov,yield_bid,GBP,,,,,,,,,Europe/London,8:00:00,Europe/London,16:00:00,UTC
AUGOV6MZ=R,,AUGOV,XSFE,fixed_income-gov,yield_bid,AUD,,,,,,,,,Australia/Sydney,8:30:00,Australia/Sydney,7:00:00,Australia/Sydney
AUGOV1YZ=R,,AUGOV,XSFE,fixed_income-gov,yield_bid,AUD,,,,,,,,,Australia/Sydney,8:30:00,Australia/Sydney,7:00:00,Australia/Sydney
AUGOV2YZ=R,,AUGOV,XSFE,fixed_income-gov,yield_bid,AUD,,-0.5,8,0.4,,,,,Australia/Sydney,8:30:00,Australia/Sydney,7:00:00,Australia/Sydney
AUGOV3YZ=R,,AUGOV,XSFE,fixed_income-gov,yield_bid,AUD,,,,,,,,,Australia/Sydney,8:30:00,Australia/Sydney,7:00:00,Australia/Sydney
AUGOV5YZ=R,,AUGOV,XSFE,fixed_income-gov,yield_bid,AUD,,-0.5,8,0.3,,,,,Australia/Sydney,8:30:00,Australia/Sydney,7:00:00,Australia/Sydney
AUGOV10YZ=R,,AUGOV,XSFE,fixed_income-gov,yield_bid,AUD,,-0.5,8,0.5,,,,,Australia/Sydney,8:30:00,Australia/Sydney,7:00:00,Australia/Sydney
AUGOV15YZ=R,,AUGOV,XSFE,fixed_income-gov,yield_bid,AUD,,,,,,,,,Australia/Sydney,8:30:00,Australia/Sydney,7:00:00,Australia/Sydney
AUGOV20YZ=R,,AUGOV,XSFE,fixed_income-gov,yield_bid,AUD,,,,,,,,,Australia/Sydney,8:30:00,Australia/Sydney,7:00:00,Australia/Sydney
NZGOV2YZ=R,,NZGOV,,fixed_income-gov,yield_bid,NZD,,,,,,,,,Pacific/Auckland,12:00:00,Pacific/Auckland,17:30:00,Pacific/Auckland
NZGOV5YZ=R,,NZGOV,,fixed_income-gov,yield_bid,NZD,,,,,,,,,Pacific/Auckland,12:00:00,Pacific/Auckland,17:30:00,Pacific/Auckland
NZGOV10YZ=R,,NZGOV,,fixed_income-gov,yield_bid,NZD,,,,,,,,,Pacific/Auckland,12:00:00,Pacific/Auckland,17:30:00,Pacific/Auckland
JPGOV6MZ=R,,JPGOV,XOSE,fixed_income-gov,yield_bid,JPY,,,,,,,,,Asia/Tokyo,9:00:00,Asia/Tokyo,23:45:00,Asia/Tokyo
JPGOV1YZ=R,GJGB1,JPGOV,XOSE,fixed_income-gov,yield_bid,JPY,,,,,,,,,Asia/Tokyo,9:00:00,Asia/Tokyo,23:45:00,Asia/Tokyo
JPGOV2YZ=R,GJGB2,JPGOV,XOSE,fixed_income-gov,yield_bid,JPY,,-1,3,0.11,,,,,Asia/Tokyo,9:00:00,Asia/Tokyo,23:45:00,Asia/Tokyo
JPGOV5YZ=R,GJGB5,JPGOV,XOSE,fixed_income-gov,yield_bid,JPY,,-1,3,0.11,,,,,Asia/Tokyo,9:00:00,Asia/Tokyo,23:45:00,Asia/Tokyo
JPGOV10YZ=R,GJGB10,JPGOV,XOSE,fixed_income-gov,yield_bid,JPY,,-1,3,0.25,,,,,Asia/Tokyo,9:00:00,Asia/Tokyo,23:45:00,Asia/Tokyo
JPGOV20YZ=R,GJGB20,JPGOV,XOSE,fixed_income-gov,yield_bid,JPY,,,,,,,,,Asia/Tokyo,9:00:00,Asia/Tokyo,23:45:00,Asia/Tokyo
KRGOV6MZ=R,,KRGOV,XKFE,fixed_income-gov,yield_bid,KRW,,,,,,,,,Asia/Seoul,9:20:00,Asia/Seoul,15:50:00,Asia/Seoul
KRGOV1YZ=R,,KRGOV,XKFE,fixed_income-gov,yield_bid,KRW,,,,,,,,,Asia/Seoul,9:20:00,Asia/Seoul,15:50:00,Asia/Seoul
KRGOV2YZ=R,,KRGOV,XKFE,fixed_income-gov,yield_bid,KRW,,0,6,,,,,,Asia/Seoul,9:20:00,Asia/Seoul,15:50:00,Asia/Seoul
KRGOV3YZ=R,,KRGOV,XKFE,fixed_income-gov,yield_bid,KRW,,,,,,,,,Asia/Seoul,9:20:00,Asia/Seoul,15:50:00,Asia/Seoul
KRGOV5YZ=R,,KRGOV,XKFE,fixed_income-gov,yield_bid,KRW,,0,6,0.25,,,,,Asia/Seoul,9:20:00,Asia/Seoul,15:50:00,Asia/Seoul
KRGOV10YZ=R,,KRGOV,XKFE,fixed_income-gov,yield_bid,KRW,,0,6,0.45,,,,,Asia/Seoul,9:20:00,Asia/Seoul,15:50:00,Asia/Seoul
KRGOV20YZ=R,,KRGOV,XKFE,fixed_income-gov,yield_bid,KRW,,,,,,,,,Asia/Seoul,9:20:00,Asia/Seoul,15:50:00,Asia/Seoul
SGGOV2YZ=R,,SGGOV,,fixed_income-gov,yield_bid,SGD,,,,,,,,,Asia/Singapore,,Asia/Singapore,,Asia/Singapore
SGGOV5YZ=R,,SGGOV,,fixed_income-gov,yield_bid,SGD,,,,,,,,,Asia/Singapore,,Asia/Singapore,,Asia/Singapore
SGGOV10YZ=R,,SGGOV,,fixed_income-gov,yield_bid,SGD,,,,,,,,,Asia/Singapore,,Asia/Singapore,,Asia/Singapore
CNGOV2YZ=R,,CNGOV,,fixed_income-gov,yield_bid,CNY,,,,,,,,,Asia/Shanghai,8:30:00,Asia/Shanghai,16:30:00,Asia/Shanghai
CNGOV5YZ=R,,CNGOV,,fixed_income-gov,yield_bid,CNY,,,,,,,,,Asia/Shanghai,8:30:00,Asia/Shanghai,16:30:00,Asia/Shanghai
CNGOV10YZ=R,,CNGOV,,fixed_income-gov,yield_bid,CNY,,,,,,,,,Asia/Shanghai,8:30:00,Asia/Shanghai,16:30:00,Asia/Shanghai
HKGOV2YZ=R,,HKGOV,,fixed_income-gov,yield_bid,HKD,,,,,,,,,Asia/Hong_Kong,,Asia/Hong_Kong,,Asia/Hong_Kong
HKGOV5YZ=R,,HKGOV,,fixed_income-gov,yield_bid,HKD,,,,,,,,,Asia/Hong_Kong,,Asia/Hong_Kong,,Asia/Hong_Kong
HKGOV10YZ=R,,HKGOV,,fixed_income-gov,yield_bid,HKD,,,,,,,,,Asia/Hong_Kong,,Asia/Hong_Kong,,Asia/Hong_Kong
IDGOV2YZ=R,,IDGOV,,fixed_income-gov,yield_bid,IDR,,,,,,,,,Asia/Jakarta,10:30:00,Asia/Jakarta,18:00:00,Asia/Jakarta
IDGOV5YZ=R,,IDGOV,,fixed_income-gov,yield_bid,IDR,,,,,,,,,Asia/Jakarta,10:30:00,Asia/Jakarta,18:00:00,Asia/Jakarta
IDGOV10YZ=R,,IDGOV,,fixed_income-gov,yield_bid,IDR,,0,30,,,,,,Asia/Jakarta,10:30:00,Asia/Jakarta,18:00:00,Asia/Jakarta
INGOV2YZ=R,,INGOV,,fixed_income-gov,yield_bid,INR,,,,,,,,,Asia/Kolkata,9:30:00,Asia/Kolkata,15:30:00,Asia/Kolkata
INGOV5YZ=R,,INGOV,,fixed_income-gov,yield_bid,INR,,0,15,,,,,,Asia/Kolkata,9:30:00,Asia/Kolkata,15:30:00,Asia/Kolkata
INGOV10YZ=R,,INGOV,,fixed_income-gov,yield_bid,INR,,,,,,,,,Asia/Kolkata,9:30:00,Asia/Kolkata,15:30:00,Asia/Kolkata
BRGOV2YZ=R,,BRGOV,,fixed_income-gov,yield_bid,BRL,,,,,,,,,America/Sao_Paulo,7:00:00,America/Sao_Paulo,18:00:00,America/Sao_Paulo
BRGOV5YZ=R,,BRGOV,,fixed_income-gov,yield_bid,BRL,,,,,,,,,America/Sao_Paulo,7:00:00,America/Sao_Paulo,18:00:00,America/Sao_Paulo
BRGOV10YZ=R,,BRGOV,,fixed_income-gov,yield_bid,BRL,,0,50,,,,,,America/Sao_Paulo,7:00:00,America/Sao_Paulo,18:00:00,America/Sao_Paulo
MXGOV2YZ=R,,MXGOV,,fixed_income-gov,yield_bid,MXN,,,,,,,,,America/Mexico_City,,America/Mexico_City,,America/Mexico_City
MXGOV5YZ=R,,MXGOV,,fixed_income-gov,yield_bid,MXN,,,,,,,,,America/Mexico_City,,America/Mexico_City,,America/Mexico_City
MXGOV10YZ=R,,MXGOV,,fixed_income-gov,yield_bid,MXN,,,,,,,,,America/Mexico_City,,America/Mexico_City,,America/Mexico_City
RS1,RS,RS,,futures-commo,price_bid_ask,CAD,20,100,10000,,100,4.68,,,America/New_York,20:00:00,America/New_York,14:20:00,America/New_York
AUA1,AUA,SHAU,,futures-commo,price_bid_ask,CNY,1000,50,5000,,500,2.1,,,Asia/Shanghai,9:00:00,Asia/Shanghai,2:30:00,Asia/Shanghai
CU1,CU,SCF,,futures-commo,price_bid_ask,CNY,5,10000,100000,,75,1.9,,,Asia/Shanghai,9:00:00,Asia/Shanghai,1:00:00,Asia/Shanghai
IOE1,IOE,DCIO,XDCE,futures-commo,price_bid_ask,CNY,100,100,10000,,50,6.5,1.8438,0.0353,Asia/Shanghai,9:00:00,Asia/Shanghai,23:00:00,Asia/Shanghai
PAL1,PAL,DCP,XDCE,futures-commo,price_bid_ask,CNY,10,1000,100000,,50,2.91,,,Asia/Shanghai,9:00:00,Asia/Shanghai,23:00:00,Asia/Shanghai
AK1,AK,DSA,XDCE,futures-commo,price_bid_ask,CNY,10,100,10000,,20,2.28,,,Asia/Shanghai,9:00:00,Asia/Shanghai,23:00:00,Asia/Shanghai
BP1_Comdty,BP,DSB,XDCE,futures-commo,price_bid_ask,CNY,10,100,100000,,60,2.89,,,Asia/Shanghai,9:00:00,Asia/Shanghai,23:00:00,Asia/Shanghai
AE1,AE,DSM,XDCE,futures-commo,price_bid_ask,CNY,10,100,10000,,15,3.15,,,Asia/Shanghai,9:00:00,Asia/Shanghai,23:00:00,Asia/Shanghai
SH1,SH,DBY,XDCE,futures-commo,price_bid_ask,CNY,10,100,100000,,15,2.69,,,Asia/Shanghai,9:00:00,Asia/Shanghai,23:00:00,Asia/Shanghai
PT1_Comdty,PT,CTA,XZCE,futures-commo,price_bid_ask,CNY,5,100,100000,,20,3.99,,,Asia/Shanghai,9:00:00,Asia/Shanghai,23:00:00,Asia/Shanghai
ZRO1,ZRO,COI,XZCE,futures-commo,price_bid_ask,CNY,10,1000,100000,,30,1.25,,,Asia/Shanghai,9:00:00,Asia/Shanghai,23:00:00,Asia/Shanghai
PKR1,PKR,CZPK,XZCE,futures-commo,price_bid_ask,CNY,5,1000,100000,,20,2.42,,,Asia/Shanghai,9:00:00,Asia/Shanghai,23:00:00,Asia/Shanghai
ZRR1,ZRR,CRSM,XZCE,futures-commo,price_bid_ask,CNY,10,100,10000,,50,3.83,,,Asia/Shanghai,9:00:00,Asia/Shanghai,23:00:00,Asia/Shanghai
SCP1,SCP,ISC,XINE,futures-commo,price_bid_ask,CNY,1000,10,1000,,20,2.25,,,Asia/Shanghai,9:00:00,Asia/Shanghai,2:30:00,Asia/Shanghai
SRB1,SRB,SINR,XINE,futures-commo,price_bid_ask,CNY,10,1000,100000,,80,5.93,,,Asia/Shanghai,9:00:00,Asia/Shanghai,23:00:00,Asia/Shanghai
SLS1,SLS,ILU,XINE,futures-commo,price_bid_ask,CNY,10,100,10000,,50,3.11,,,Asia/Shanghai,9:00:00,Asia/Shanghai,23:00:00,Asia/Shanghai
IBC1,IBC,SIBC,XINE,futures-commo,price_bid_ask,CNY,5,1000,100000,,100,2.89,,,Asia/Shanghai,9:00:00,Asia/Shanghai,1:00:00,Asia/Shanghai
KO1,KO,FCPO,,futures-commo,price_bid_ask,MYR,25,400,40000,,175,4.9,,,Asia/Kuala_Lumpur,10:30:00,Asia/Kuala_Lumpur,23:30:00,Asia/Kuala_Lumpur
KO2,KO,FCPO,,futures-commo,price_bid_ask,MYR,25,400,40000,,120,5.77,,,Asia/Kuala_Lumpur,10:30:00,Asia/Kuala_Lumpur,23:30:00,Asia/Kuala_Lumpur
KO3,KO,FCPO,,futures-commo,price_bid_ask,MYR,25,400,40000,,120,6.74,,,Asia/Kuala_Lumpur,10:30:00,Asia/Kuala_Lumpur,23:30:00,Asia/Kuala_Lumpur
OMR1,OMR,SWMP,,futures-commo,price_bid_ask,USD,1,400,40000,,600,122,,,Asia/Singapore,7:25:00,Asia/Singapore,18:00:00,Asia/Singapore
TZT1,TZT,TFMBM,,futures-commo,price_bid_ask,EUR,731,1,1000,,2000,27,2.5516,0.1058,Europe/London,7:00:00,Europe/London,17:00:00,Europe/London
CA1_Comdty,CA,BL2,XMAT,futures-commo,price_bid_ask,EUR,50,1,1000,,80,11.68,,,Europe/Paris,10:45:00,Europe/Paris,18:30:00,Europe/Paris
CA2_Comdty,CA,BL2,XMAT,futures-commo,price_bid_ask,EUR,50,1,1000,,150,11.97,,,Europe/Paris,10:45:00,Europe/Paris,18:30:00,Europe/Paris
CA3_Comdty,CA,BL2,XMAT,futures-commo,price_bid_ask,EUR,50,1,1000,,200,13.04,,,Europe/Paris,10:45:00,Europe/Paris,18:30:00,Europe/Paris
IJ1,IJ,COM,XMAT,futures-commo,price_bid_ask,EUR,50,10,10000,,90,8.15,,,Europe/Paris,10:45:00,Europe/Paris,18:30:00,Europe/Paris
IJ2,IJ,COM,XMAT,futures-commo,price_bid_ask,EUR,50,10,10000,,90,8.85,,,Europe/Paris,10:45:00,Europe/Paris,18:30:00,Europe/Paris
IJ3,IJ,COM,XMAT,futures-commo,price_bid_ask,EUR,50,10,10000,,70,12.41,,,Europe/Paris,10:45:00,Europe/Paris,18:30:00,Europe/Paris
QC1_Comdty,QC,LCC,,futures-commo,price_bid_ask,GBP,10,300,30000,,80,6.43,,,Europe/London,9:30:00,Europe/London,16:55:00,Europe/London
QC2_Comdty,QC,LCC,,futures-commo,price_bid_ask,GBP,10,300,30000,,50,7.69,,,Europe/London,9:30:00,Europe/London,16:55:00,Europe/London
QC3_Comdty,QC,LCC,,futures-commo,price_bid_ask,GBP,10,300,30000,,50,8.05,,,Europe/London,9:30:00,Europe/London,16:55:00,Europe/London
QW1,QW,LSU,,futures-commo,price_bid_ask,USD,50,50,5000,,40,5.98,,,Europe/London,8:45:00,Europe/London,18:00:00,Europe/London
QW2,QW,LSU,,futures-commo,price_bid_ask,USD,50,50,5000,,60,6.31,,,Europe/London,8:45:00,Europe/London,18:00:00,Europe/London
QW3,QW,LSU,,futures-commo,price_bid_ask,USD,50,50,5000,,60,6.99,,,Europe/London,8:45:00,Europe/London,18:00:00,Europe/London
BO1,BO,BO,,futures-commo,price_bid_ask,USD,600,10,100,,80,3.9,,,America/New_York,20:00:00,America/New_York,14:20:00,America/New_York
BO2,BO,BO,,futures-commo,price_bid_ask,USD,600,10,100,,50,4.45,,,America/New_York,20:00:00,America/New_York,14:20:00,America/New_York
BO3,BO,BO,,futures-commo,price_bid_ask,USD,600,10,100,,80,4.62,,,America/New_York,20:00:00,America/New_York,14:20:00,America/New_York
C1,C ,C,,futures-commo,price_bid_ask,USD,50,1,1000,,40,5.59,,,America/New_York,20:00:00,America/New_York,14:20:00,America/New_York
C2,C ,C,,futures-commo,price_bid_ask,USD,50,1,1000,,20,5.81,,,America/New_York,20:00:00,America/New_York,14:20:00,America/New_York
C3,C ,C,,futures-commo,price_bid_ask,USD,50,1,1000,,100,5.93,,,America/New_York,20:00:00,America/New_York,14:20:00,America/New_York
CC1,CC,CC,,futures-commo,price_bid_ask,USD,10,1000,5000,,100,4.72,,,America/New_York,4:45:00,America/New_York,13:30:00,America/New_York
CC2,CC,CC,,futures-commo,price_bid_ask,USD,10,1000,5000,,100,7.68,,,America/New_York,4:45:00,America/New_York,13:30:00,America/New_York
CC3,CC,CC,,futures-commo,price_bid_ask,USD,10,1000,5000,,100,8.15,,,America/New_York,4:45:00,America/New_York,13:30:00,America/New_York
CL1,CL,CL,,futures-commo,price_bid_ask,USD,1000,1,1000,,45,1.9,2.2424,0.0085,America/New_York,18:00:00,America/New_York,17:00:00,America/New_York
CL2,CL,CL,,futures-commo,price_bid_ask,USD,1000,1,1000,,100,2.69,,,America/New_York,18:00:00,America/New_York,17:00:00,America/New_York
CL3,CL,CL,,futures-commo,price_bid_ask,USD,1000,1,1000,,100,3.13,,,America/New_York,18:00:00,America/New_York,17:00:00,America/New_York
CO1,CO,LCO,,futures-commo,price_bid_ask,USD,1000,1,1000,,60,2.03,2.0871,0.0105,America/New_York,20:00:00,America/New_York,18:00:00,America/New_York
CO2,CO,LCO,,futures-commo,price_bid_ask,USD,1000,1,1000,,20,2.7,,,America/New_York,20:00:00,America/New_York,18:00:00,America/New_York
CO3,CO,LCO,,futures-commo,price_bid_ask,USD,1000,1,1000,,30,3.1,,,America/New_York,20:00:00,America/New_York,18:00:00,America/New_York
CT1,CT,CT,,futures-commo,price_bid_ask,USD,500,10,500,,300,8.3,,,America/New_York,21:00:00,America/New_York,0:00:00,America/New_York
CT2,CT,CT,,futures-commo,price_bid_ask,USD,500,10,500,,300,9,,,America/New_York,21:00:00,America/New_York,0:00:00,America/New_York
CT3,CT,CT,,futures-commo,price_bid_ask,USD,500,10,500,,300,11.57,,,America/New_York,21:00:00,America/New_York,0:00:00,America/New_York
CUA1,CUA,CUU,,futures-commo,price_bid_ask,USD,42000,0.1,10,,2500,206,,,America/New_York,18:00:00,America/New_York,17:00:00,America/New_York
FC1,FC,FC,XCME2,futures-commo,price_bid_ask,USD,500,10,1000,,100,3.8,,,America/New_York,9:30:00,America/New_York,14:05:00,America/New_York
FC2,FC,FC,XCME2,futures-commo,price_bid_ask,USD,500,10,1000,,60,4.27,,,America/New_York,9:30:00,America/New_York,14:05:00,America/New_York
FC3,FC,FC,XCME2,futures-commo,price_bid_ask,USD,500,10,1000,,60,4.88,,,America/New_York,9:30:00,America/New_York,14:05:00,America/New_York
GC1,GC,GC,XCEC,futures-commo,price_bid_ask,USD,100,100,10000,,50,0.75,1.0588,0.0071,America/New_York,18:00:00,America/New_York,17:00:00,America/New_York
GC2,GC,GC,XCEC,futures-commo,price_bid_ask,USD,100,100,10000,,50,1.3,,,America/New_York,18:00:00,America/New_York,17:00:00,America/New_York
HG1,HG,HG,,futures-commo,price_bid_ask,USD,25000,0.25,25,,50,2,1.5184,0.0132,America/New_York,18:00:00,America/New_York,17:00:00,America/New_York
HG2,HG,HG,,futures-commo,price_bid_ask,USD,25000,0.25,25,,80,2.74,,,America/New_York,18:00:00,America/New_York,17:00:00,America/New_York
HG3,HG,HG,,futures-commo,price_bid_ask,USD,25000,0.25,25,,80,3.16,,,America/New_York,18:00:00,America/New_York,17:00:00,America/New_York
HO1,HO,HO,,futures-commo,price_bid_ask,USD,42000,0,10,,150,3.53,,,America/New_York,18:00:00,America/New_York,17:00:00,America/New_York
HO2,HO,HO,,futures-commo,price_bid_ask,USD,42000,0,10,,200,3.53,,,America/New_York,18:00:00,America/New_York,17:00:00,America/New_York
HO3,HO,HO,,futures-commo,price_bid_ask,USD,42000,0,10,,120,3.68,,,America/New_York,18:00:00,America/New_York,17:00:00,America/New_York
JO1,JO,OJ,,futures-commo,price_bid_ask,USD,150,10,500,,200,23.82,,,America/New_York,8:00:00,America/New_York,14:00:00,America/New_York
KC1,KC,KC,,futures-commo,price_bid_ask,USD,375,10,500,,100,6.28,,,America/New_York,4:15:00,America/New_York,13:30:00,America/New_York
KC2,KC,KC,,futures-commo,price_bid_ask,USD,375,10,500,,100,3.68,,,America/New_York,4:15:00,America/New_York,13:30:00,America/New_York
KC3,KC,KC,,futures-commo,price_bid_ask,USD,375,10,500,,60,8.44,,,America/New_York,4:15:00,America/New_York,13:30:00,America/New_York
KW1,KW,KW,,futures-commo,price_bid_ask,USD,50,100,5000,,180,6.32,,,America/New_York,20:00:00,America/New_York,14:20:00,America/New_York
KW2,KW,KW,,futures-commo,price_bid_ask,USD,50,100,5000,,120,6.83,,,America/New_York,20:00:00,America/New_York,14:20:00,America/New_York
KW3,KW,KW,,futures-commo,price_bid_ask,USD,50,100,5000,,150,6.74,,,America/New_York,20:00:00,America/New_York,14:20:00,America/New_York
LC1,LC,LC,,futures-commo,price_bid_ask,USD,400,10,500,,80,2.35,,,America/New_York,9:30:00,America/New_York,14:05:00,America/New_York
LC2,LC,LC,,futures-commo,price_bid_ask,USD,400,10,500,,60,3.06,,,America/New_York,9:30:00,America/New_York,14:05:00,America/New_York
LC3,LC,LC,,futures-commo,price_bid_ask,USD,400,10,500,,75,3.05,,,America/New_York,9:30:00,America/New_York,14:05:00,America/New_York
LH1,LH,LH,,futures-commo,price_bid_ask,USD,400,10,500,,120,5.69,,,America/New_York,9:30:00,America/New_York,14:05:00,America/New_York
LH2,LH,LH,,futures-commo,price_bid_ask,USD,400,10,500,,120,6.26,,,America/New_York,9:30:00,America/New_York,14:05:00,America/New_York
LH3,LH,LH,,futures-commo,price_bid_ask,USD,400,10,500,,120,6.1,,,America/New_York,9:30:00,America/New_York,14:05:00,America/New_York
NG1,NG,NG,,futures-commo,price_bid_ask,USD,10000,0.1,100,,100,5.6,3.0319,0.0185,America/New_York,18:00:00,America/New_York,17:00:00,America/New_York
NG2,NG,NG,,futures-commo,price_bid_ask,USD,10000,0.1,100,,150,6.4,2.7604,0.0232,America/New_York,18:00:00,America/New_York,17:00:00,America/New_York
NG3,NG,NG,,futures-commo,price_bid_ask,USD,10000,0.1,100,,500,7.73,,,America/New_York,18:00:00,America/New_York,17:00:00,America/New_York
PA1,PA,PA,,futures-commo,price_bid_ask,USD,100,50,5000,,500,18,2.0629,0.0873,America/New_York,18:00:00,America/New_York,17:00:00,America/New_York
PA2,PA,PA,,futures-commo,price_bid_ask,USD,100,50,5000,,350,18.87,,,America/New_York,18:00:00,America/New_York,17:00:00,America/New_York
PA3,PA,PA,,futures-commo,price_bid_ask,USD,100,50,5000,,450,65.7,,,America/New_York,18:00:00,America/New_York,17:00:00,America/New_York
PL1,PL,PL,,futures-commo,price_bid_ask,USD,50,100,10000,,50,5.69,1.444,,America/New_York,18:00:00,America/New_York,17:00:00,America/New_York
PL2,PL,PL,,futures-commo,price_bid_ask,USD,50,100,10000,,50,5.41,,,America/New_York,18:00:00,America/New_York,17:00:00,America/New_York
PL3,PL,PL,,futures-commo,price_bid_ask,USD,50,100,10000,,150,12.17,,,America/New_York,18:00:00,America/New_York,17:00:00,America/New_York
RR1,RR,RR,,futures-commo,price_bid_ask,USD,2000,0.1,100,,200,16.17,,,America/New_York,20:00:00,America/New_York,14:20:00,America/New_York
S1,S ,S,,futures-commo,price_bid_ask,USD,50,100,5000,,100,2.61,,,America/New_York,20:00:00,America/New_York,14:20:00,America/New_York
S2,S ,S,,futures-commo,price_bid_ask,USD,50,100,5000,,40,2.98,,,America/New_York,20:00:00,America/New_York,14:20:00,America/New_York
S3,S ,S,,futures-commo,price_bid_ask,USD,50,100,5000,,40,3.21,,,America/New_York,20:00:00,America/New_York,14:20:00,America/New_York
SB1,SB,SB,,futures-commo,price_bid_ask,USD,1120,0,100,,50,6.51,,,America/New_York,3:30:00,America/New_York,13:00:00,America/New_York
SB2,SB,SB,,futures-commo,price_bid_ask,USD,1120,0,100,,60,7,,,America/New_York,3:30:00,America/New_York,13:00:00,America/New_York
SB3,SB,SB,,futures-commo,price_bid_ask,USD,1120,0,100,,60,7.56,,,America/New_York,3:30:00,America/New_York,13:00:00,America/New_York
SI1,SI,SI,,futures-commo,price_bid_ask,USD,5000,1,100,,50,2.76,1.9461,0.0142,America/New_York,18:00:00,America/New_York,17:00:00,America/New_York
SI2,SI,SI,,futures-commo,price_bid_ask,USD,5000,1,100,,80,4.19,,,America/New_York,18:00:00,America/New_York,17:00:00,America/New_York
SI3,SI,SI,,futures-commo,price_bid_ask,USD,5000,1,100,,80,5.07,,,America/New_York,18:00:00,America/New_York,17:00:00,America/New_York
SM1_Comdty,SM,SM,,futures-commo,price_bid_ask,USD,100,100,1000,,35,3.6,,,America/New_York,20:00:00,America/New_York,14:20:00,America/New_York
SM2_Comdty,SM,SM,,futures-commo,price_bid_ask,USD,100,100,1000,,80,4.12,,,America/New_York,20:00:00,America/New_York,14:20:00,America/New_York
SM3_Comdty,SM,SM,,futures-commo,price_bid_ask,USD,100,100,1000,,90,4.31,,,America/New_York,20:00:00,America/New_York,14:20:00,America/New_York
W1,W ,W,,futures-commo,price_bid_ask,USD,50,100,5000,,70,4.98,,,America/New_York,20:00:00,America/New_York,14:20:00,America/New_York
W2,W ,W,,futures-commo,price_bid_ask,USD,50,100,5000,,40,5.96,,,America/New_York,20:00:00,America/New_York,14:20:00,America/New_York
W3,W ,W,,futures-commo,price_bid_ask,USD,50,100,5000,,30,6.25,,,America/New_York,20:00:00,America/New_York,14:20:00,America/New_York
SCO1,SCO,SZZF,XSIM1,futures-commo,price_bid_ask,USD,100,10,1000,,2000,13,2.2412,0.058,Asia/Singapore,7:25:00,Asia/Singapore,5:00:00,Asia/Singapore
SCO2,SCO,SZZF,XSIM1,futures-commo,price_bid_ask,USD,100,10,1000,,2000,18,,,Asia/Singapore,7:25:00,Asia/Singapore,5:00:00,Asia/Singapore
DF1,DF,LRC,,futures-commo,price_bid_ask,USD,10,1000,5000,,35,7.57,,,Europe/London,9:00:00,Europe/London,17:30:00,Europe/London
DF2,DF,LRC,,futures-commo,price_bid_ask,USD,10,1000,5000,,50,9.18,,,Europe/London,9:00:00,Europe/London,17:30:00,Europe/London
DF3,DF,LRC,,futures-commo,price_bid_ask,USD,10,1000,5000,,60,11.58,,,Europe/London,9:00:00,Europe/London,17:30:00,Europe/London
LA1,LA,CMAL,,futures-commo,price_bid_ask,USD,25,1000,5000,,140,14,,,Europe/London,1:00:00,Europe/London,19:00:00,Europe/London
LL1,LL,CMPB,,futures-commo,price_bid_ask,USD,25,1000,5000,,350,23.31,,,Europe/London,1:00:00,Europe/London,19:00:00,Europe/London
LN1,LN,CMNI,,futures-commo,price_bid_ask,USD,6,1000,100000,,450,37.84,,,Europe/London,1:00:00,Europe/London,19:00:00,Europe/London
LT1,LT,CMSN,,futures-commo,price_bid_ask,USD,5,10000,100000,,130,38.07,,,Europe/London,1:00:00,Europe/London,19:00:00,Europe/London
LX1,LX,CMZN,,futures-commo,price_bid_ask,USD,25,1000,10000,,350,19.16,,,Europe/London,1:00:00,Europe/London,19:00:00,Europe/London
MAL3=LX,LMAHDS03,MAL3=LX,,futures-commo,price_bid_ask,USD,25,100,10000,,200,4.3,,,Europe/London,1:00:00,Europe/London,19:00:00,Europe/London
MCU3=LX,LMCADS03,MCU3=LX,,futures-commo,price_bid_ask,USD,25,1000,100000,,150,2.75,,,Europe/London,1:00:00,Europe/London,19:00:00,Europe/London
MPB3=LX,LMPBDS03,MPB3=LX,,futures-commo,price_bid_ask,USD,25,,,,,,,,Europe/London,1:00:00,Europe/London,19:00:00,Europe/London
MNI3=LX,LMNIDS03,MNI3=LX,,futures-commo,price_bid_ask,USD,6,3000,300000,,1000,9.7,,,Europe/London,1:00:00,Europe/London,19:00:00,Europe/London
MSN3=LX,LMSNDS03,MSN3=LX,,futures-commo,price_bid_ask,USD,5,,,,,,,,Europe/London,1:00:00,Europe/London,19:00:00,Europe/London
MZN3=LX,LMZSDS03,MZN3=LX,,futures-commo,price_bid_ask,USD,25,100,10000,,250,5.8,,,Europe/London,1:00:00,Europe/London,19:00:00,Europe/London
QS1,QS,LGO,,futures-commo,price_bid_ask,USD,100,100,500000,,100,5.43,,,Europe/London,1:00:00,Europe/London,23:00:00,Europe/London
QS2,QS,LGO,,futures-commo,price_bid_ask,USD,100,100,500000,,60,5.52,,,Europe/London,1:00:00,Europe/London,23:00:00,Europe/London
QS3,QS,LGO,,futures-commo,price_bid_ask,USD,100,100,500000,,90,5.86,,,Europe/London,1:00:00,Europe/London,23:00:00,Europe/London
XB1,XB,RB,,futures-commo,price_bid_ask,USD,420,0,10,,80,3.96,,,America/New_York,18:00:00,America/New_York,17:00:00,America/New_York
XB2,XB,RB,,futures-commo,price_bid_ask,USD,420,0,10,,30,3.64,,,America/New_York,18:00:00,America/New_York,17:00:00,America/New_York
XB3,XB,RB,,futures-commo,price_bid_ask,USD,420,0,10,,60,3.92,,,America/New_York,18:00:00,America/New_York,17:00:00,America/New_York
XP1,XP,YAP,XSFE,futures-equity,price_bid_ask,AUD,25,100,10000,,350,1.7,0.9073,0.0187,Australia/Sydney,9:50:00,Australia/Sydney,8:00:00,Australia/Sydney
BZ1,BZ,IND,,futures-equity,price_bid_ask,BRL,1,1,500000,,250,1.26,1.664,,America/Sao_Paulo,9:00:00,America/Sao_Paulo,18:00:00,America/Sao_Paulo
PT1,PT,SXF,XMOD2,futures-equity,price_bid_ask,CAD,200,100,10000,,150,1.65,0.9584,0.0172,Canada/Eastern,20:00:00,Canada/Eastern,16:30:00,Canada/Eastern
SM1,SM,FSMI,XEUR1,futures-equity,price_bid_ask,CHF,10,1000,100000,,70,1.5,0.9647,0.0155,Europe/Zurich,8:00:00,Europe/Zurich,22:00:00,Europe/Zurich
EO1,EO,AEX,,futures-equity,price_bid_ask,EUR,200,100,1000,,180,1.59,1.0945,,Europe/Amsterdam,8:00:00,Europe/Amsterdam,22:00:00,Europe/Amsterdam
CA1,CA,FESB,XEUR,futures-equity,price_bid_ask,EUR,50,10,1000,,400,9.2,1.8231,0.0505,Europe/Berlin,0:15:00,UTC,22:00:00,Europe/Berlin
VG1,VG,STXE,XEUR,futures-equity,price_bid_ask,EUR,10,100,10000,,50,2.7,1.3279,0.0203,Europe/Berlin,0:15:00,UTC,22:00:00,Europe/Berlin
GX1,GX,FDX,,futures-equity,price_bid_ask,EUR,25,1000,100000,,50,1.3,1.2822,,Europe/Berlin,0:15:00,UTC,22:00:00,Europe/Berlin
CF1,CF,FCE,,futures-equity,price_bid_ask,EUR,10,500,50000,,100,1.6,1.2422,,Europe/Paris,8:00:00,Europe/Paris,22:00:00,Europe/Paris
ST1,ST,IFS,,futures-equity,price_bid_ask,EUR,5,1000,100000,,150,2.8,1.3988,,Europe/Rome,8:00:00,Europe/Rome,22:00:00,Europe/Rome
IB1,IB,MFXI,,futures-equity,price_bid_ask,EUR,10,1000,50000,,50,2.34,1.3185,,Europe/Madrid,8:00:00,Europe/Madrid,20:00:00,Europe/Madrid
VH1,VH,STXX,,futures-equity,price_bid_ask,EUR,10,,,,,,,,,,,,
Z1,Z ,FFI,IFLL2,futures-equity,price_bid_ask,GBP,10,500,50000,,75,1.3,1.0323,,Europe/London,1:00:00,Europe/London,21:00:00,Europe/London
HC1,HC,HCEI,XHKF,futures-equity,price_bid_ask,HKD,50,1000,100000,,250,1.5,1.6825,0.0089,Asia/Hong_Kong,9:15:00,Asia/Hong_Kong,3:00:00,Asia/Hong_Kong
HI1,HI,HSI,XHKF,futures-equity,price_bid_ask,HKD,50,1000,100000,,20,0.9,1.3485,0.0067,Asia/Hong_Kong,9:15:00,Asia/Hong_Kong,3:00:00,Asia/Hong_Kong
JGS1,JGS,GIF,,futures-equity,price_bid_ask,USD,2,1000,100000,,100,,,,Asia/Singapore,9:00:00,Asia/Singapore,5:15:00,Asia/Singapore
NZ1,NZ,NIF,XNSE,futures-equity,price_bid_ask,INR,25,1000,100000,,15,0.8,,,Asia/Kolkata,9:15:00,Asia/Kolkata,15:30:00,Asia/Kolkata
AF1,AF,NBN,XNSE,futures-equity,price_bid_ask,INR,15,1000,100000,,20,1.2,,,Asia/Kolkata,9:15:00,Asia/Kolkata,15:30:00,Asia/Kolkata
NK1,NK,JNI,,futures-equity,price_bid_ask,JPY,1000,1000,100000,,100,3.9,1.3617,0.0286,Asia/Tokyo,8:45:00,Asia/Tokyo,5:55:00,Asia/Tokyo
NO1,NO,JNM,XOSE,futures-equity,price_bid_ask,JPY,100,1000,100000,,50,2,1.3885,0.0144,Asia/Tokyo,8:45:00,Asia/Tokyo,5:55:00,Asia/Tokyo
TMI1,TMI,JTM,,futures-equity,price_bid_ask,JPY,1000,100,10000,,300,1.7,1.2453,0.0137,Asia/Tokyo,8:45:00,Asia/Tokyo,5:55:00,Asia/Tokyo
TP1,TP,JTI,,futures-equity,price_bid_ask,JPY,10000,100,5000,,200,2.86,,,Asia/Tokyo,8:45:00,Asia/Tokyo,6:00:00,Asia/Tokyo
KM1,KM,KS,XKFE,futures-equity,price_bid_ask,KRW,250000,10,1000,,10,1.6,1.3151,0.0122,Asia/Seoul,8:45:00,Asia/Seoul,15:35:00,Asia/Seoul
IS1,IS,IPC,,futures-equity,price_bid_ask,MXN,10,10000,500000,,400,10.84,0.9777,,America/Mexico_City,7:30:00,America/Mexico_City,15:00:00,America/Mexico_City
IK1_Index,IK,FKLI,,futures-equity,price_bid_ask,MYR,50,10,500,,,,,,Asia/Kuala_Lumpur,8:45:00,Asia/Kuala_Lumpur,17:15:00,Asia/Kuala_Lumpur
KRS1,KRS,FW2020,,futures-equity,price_bid_ask,PLN,20,1000,5000,,15,5.08,1.2541,,Europe/Warsaw,9:00:00,Europe/Warsaw,17:00:00,Europe/Warsaw
VE1,VE,RIRTS,,futures-equity,price_bid_ask,RUB,0.02,10000,500000,,250,1.14,2.084,,Europe/Moscow,10:00:00,Europe/Moscow,18:40:00,Europe/Moscow
QC1,QC,OMXS30,XSTO,futures-equity,price_bid_ask,SEK,100,100,10000,,100,1.6,1.2554,,Europe/Stockholm,9:00:00,Europe/Stockholm,17:25:00,Europe/Stockholm
QZ1,QZ,SSG,,futures-equity,price_bid_ask,SGD,100,10,1000,,100,2.1,1.0328,0.0203,Asia/Singapore,8:30:00,Asia/Singapore,5:15:00,Asia/Singapore
BC1,BC,S50,,futures-equity,price_bid_ask,THB,200,50,5000,,50,1.2,1.2923,0.0093,Asia/Bangkok,9:45:00,Asia/Bangkok,16:55:00,Asia/Bangkok
A51,A5,XU030,,futures-equity,price_bid_ask,TRY,10,10,10000,,150,1.97,1.686,,Turkey,9:30:00,Turkey,4:45:00,Turkey
FT1,FT,TX,,futures-equity,price_bid_ask,TWD,200,1000,100000,,50,0.98,1.1563,0.0085,Asia/Taipei,8:45:00,Asia/Taipei,5:00:00,Asia/Taipei
MX1,MX,MTX,,futures-equity,price_bid_ask,TWD,50,1000,100000,,50,0.88,,,Asia/Taipei,8:45:00,Asia/Taipei,5:00:00,Asia/Taipei
DM1,DM,YM,XCME,futures-equity,price_bid_ask,USD,5,1000,100000,,50,0.64,0.9752,0.0066,America/New_York,18:00:00,America/New_York,17:00:00,America/New_York
ES1,ES,ES,XCME,futures-equity,price_bid_ask,USD,50,100,10000,,20,0.71,1.0685,0.0066,America/New_York,18:00:00,America/New_York,17:00:00,America/New_York
FA1,FA,DM,XCME,futures-equity,price_bid_ask,USD,100,100,10000,,1000,3.1,1.1611,0.0267,America/New_York,18:00:00,America/New_York,17:00:00,America/New_York
MES1,MES,MEM,IFUS,futures-equity,price_bid_ask,USD,50,100,10000,,400,1.5,1.2928,0.0116,America/New_York,18:00:00,America/New_York,17:00:00,America/New_York
MFS1,MFS,MFS,,futures-equity,price_bid_ask,USD,50,100,10000,,690,1.45,1.0977,,America/New_York,18:00:00,America/New_York,17:00:00,America/New_York
NQ1,NQ,NQ,XCME,futures-equity,price_bid_ask,USD,20,500,50000,,30,0.49,1.3625,,America/New_York,18:00:00,America/New_York,17:00:00,America/New_York
RTY1,RTY,RTY,XCME,futures-equity,price_bid_ask,USD,50,100,10000,,100,1.2,1.325,,America/New_York,18:00:00,America/New_York,17:00:00,America/New_York
TWT1,TWT,STWN,,futures-equity,price_bid_ask,USD,40,,,,,,,,Asia/Singapore,8:45:00,Asia/Singapore,5:15:00,Asia/Singapore
IH1,IH,SIN,,futures-equity,price_bid_ask,USD,2,1000,100000,,150,1.4,1.2277,,Asia/Singapore,9:00:00,Asia/Singapore,5:15:00,Asia/Singapore
XU1,XU,SFC,,futures-equity,price_bid_ask,USD,1,5000,50000,,150,1.27,,,Asia/Singapore,9:00:00,Asia/Singapore,4:45:00,Asia/Singapore
AI1,AI,ALSI,,futures-equity,price_bid_ask,ZAR,10,1500,150000,,1000,,1.2393,,Africa/Johannesburg,8:30:00,Africa/Johannesburg,17:30:00,Africa/Johannesburg
XID1,XID,SDIU,,futures-fx_em,price_bid_ask,USD,200,10,1000,,100,1.8,,,Asia/Singapore,7:25:00,Asia/Singapore,5:15:00,Asia/Singapore
XUW1,XUW,SDKU,,futures-fx_em,price_bid_ask,USD,,,,,,,,,Asia/Singapore,,Asia/Singapore,,Asia/Singapore
XUC1,XUC,SUC,,futures-fx_em,price_bid_ask,CNH,100000,1,100,,100,0.64,,,Asia/Singapore,7:25:00,Asia/Singapore,5:15:00,Asia/Singapore
UCA1,UCA,HCUS,XHKF,futures-fx_em,price_bid_ask,CNH,100000,1,100,,200,0.66,0.2776,0.0238,Asia/Hong_Kong,8:30:00,Asia/Hong_Kong,3:00:00,Asia/Hong_Kong
BR1,BR,BR,XCME1,futures-fx_em,price_bid_ask,USD,100000,0,1,,100,3.22,0.979,,America/New_York,18:00:00,America/New_York,17:00:00,America/New_York
PE1,PE,MP,XCME1,futures-fx_em,price_bid_ask,USD,500000,0.005,0.5,,150,2.3,0.6675,0.0345,America/New_York,18:00:00,America/New_York,17:00:00,America/New_York
RA1,RA,RA,XCME1,futures-fx_em,price_bid_ask,USD,500000,0.005,0.5,,350,8.69,1.0269,,America/New_York,18:00:00,America/New_York,17:00:00,America/New_York
AD1,AD,AD,XCME1,futures-fx_g10,price_bid_ask,USD,100000,0.1,10,,50,1.1,0.7212,0.0153,America/New_York,18:00:00,America/New_York,17:00:00,America/New_York
BP1,BP,BP,XCME1,futures-fx_g10,price_bid_ask,USD,62500,0.1,10,,50,0.9,0.5522,0.0163,America/New_York,18:00:00,America/New_York,17:00:00,America/New_York
CD1,CD,CD,XCME1,futures-fx_g10,price_bid_ask,USD,100000,0.1,10,,70,0.76,0.5051,,America/New_York,18:00:00,America/New_York,17:00:00,America/New_York
EC1,EC,URO,XCME1,futures-fx_g10,price_bid_ask,USD,125000,0.1,10,,25,0.51,0.57,0.0089,America/New_York,18:00:00,America/New_York,17:00:00,America/New_York
JY1,JY,JY,XCME1,futures-fx_g10,price_bid_ask,USD,12500000,0.001,0.1,,40,0.675,0.5877,0.0115,America/New_York,18:00:00,America/New_York,17:00:00,America/New_York
NO1_Curncy,NO,NOKA,XCME1,futures-fx_g10,price_bid_ask,USD,20000,0.025,2.5,,1000,5.9,0.7489,0.0788,America/New_York,18:00:00,America/New_York,17:00:00,America/New_York
NV1,NV,NE,XCME1,futures-fx_g10,price_bid_ask,USD,100000,0.1,10,,100,1.6,0.7442,0.0215,America/New_York,18:00:00,America/New_York,17:00:00,America/New_York
SE1,SE,SEKA,XCME1,futures-fx_g10,price_bid_ask,USD,20000,,,,,,0.6851,,America/New_York,18:00:00,America/New_York,17:00:00,America/New_York
SF1,SF,SF,XCME1,futures-fx_g10,price_bid_ask,USD,125000,0.1,10,,500,1.1,0.6271,0.0175,America/New_York,18:00:00,America/New_York,17:00:00,America/New_York
IR1,IR,YBA,,futures-stir,price_bid_ask,AUD,10000,10,1000,,10,0.25,0.0074,0.3378,Australia/Sydney,8:28:00,Australia/Sydney,7:30:00,Australia/Sydney
IR2,IR,YBA,,futures-stir,price_bid_ask,AUD,10000,10,1000,,10,0.255,0.0097,0.2629,Australia/Sydney,8:28:00,Australia/Sydney,7:30:00,Australia/Sydney
IR3,IR,YBA,,futures-stir,price_bid_ask,AUD,10000,10,1000,,10,0.26,0.0109,0.2385,Australia/Sydney,8:28:00,Australia/Sydney,7:30:00,Australia/Sydney
IR4,IR,YBA,,futures-stir,price_bid_ask,AUD,10000,10,1000,,10,0.26,0.0119,0.2185,Australia/Sydney,8:28:00,Australia/Sydney,7:30:00,Australia/Sydney
IR5,IR,YBA,,futures-stir,price_bid_ask,AUD,10000,10,1000,,10,0.27,0.0125,0.216,Australia/Sydney,8:28:00,Australia/Sydney,7:30:00,Australia/Sydney
BA1,BA,BAX,,futures-stir,price_bid_ask,CAD,2500,10,1000,,50,0.54,0.0271,0.1993,Canada/Eastern,2:00:00,Canada/Eastern,16:30:00,Canada/Eastern
BA2,BA,BAX,,futures-stir,price_bid_ask,CAD,2500,10,1000,,50,0.55,0.041,0.1341,Canada/Eastern,2:00:00,Canada/Eastern,16:30:00,Canada/Eastern
BA3,BA,BAX,,futures-stir,price_bid_ask,CAD,2500,10,1000,,50,0.56,0.0489,0.1145,Canada/Eastern,2:00:00,Canada/Eastern,16:30:00,Canada/Eastern
BA4,BA,BAX,,futures-stir,price_bid_ask,CAD,2500,10,1000,,50,0.57,0.0534,0.1067,Canada/Eastern,2:00:00,Canada/Eastern,16:30:00,Canada/Eastern
BA5,BA,BAX,,futures-stir,price_bid_ask,CAD,2500,10,1000,,50,0.76,0.0551,0.1379,Canada/Eastern,2:00:00,Canada/Eastern,16:30:00,Canada/Eastern
COR1,COR,CRA,,futures-stir,price_bid_ask,CAD,2500,,,,,,,,Canada/Eastern,2:00:00,Canada/Eastern,16:30:00,Canada/Eastern
COR4,COR,CRA,,futures-stir,price_bid_ask,CAD,2500,10,1000,,40,0.59,,,Canada/Eastern,2:00:00,Canada/Eastern,16:30:00,Canada/Eastern
SSY1,SSY,SARO3,,futures-stir,price_bid_ask,CHF,2500,10,1000,,50,0.59,0.012,0.4917,Europe/London,7:30:00,Europe/London,18:00:00,Europe/London
SSY2,SSY,SARO3,,futures-stir,price_bid_ask,CHF,2500,10,1000,,50,0.63,0.0202,0.3119,Europe/London,7:30:00,Europe/London,18:00:00,Europe/London
SSY3,SSY,SARO3,,futures-stir,price_bid_ask,CHF,2500,10,1000,,50,0.66,0.0248,0.2661,Europe/London,7:30:00,Europe/London,18:00:00,Europe/London
SSY4,SSY,SARO3,,futures-stir,price_bid_ask,CHF,2500,10,1000,,50,0.84,0.0288,0.2917,Europe/London,7:30:00,Europe/London,18:00:00,Europe/London
SSY5,SSY,SARO3,,futures-stir,price_bid_ask,CHF,2500,10,1000,,50,0.94,0.032,0.2938,Europe/London,7:30:00,Europe/London,18:00:00,Europe/London
ER1,ER,FEI,IFLL1,futures-stir,price_bid_ask,EUR,2500,10,1000,,10,0.51,0.0152,0.3355,Europe/London,1:00:00,Europe/London,21:00:00,Europe/London
ER2,ER,FEI,IFLL1,futures-stir,price_bid_ask,EUR,2500,10,1000,,10,0.515,0.0215,0.2395,Europe/London,1:00:00,Europe/London,21:00:00,Europe/London
ER3,ER,FEI,IFLL1,futures-stir,price_bid_ask,EUR,2500,10,1000,,10,0.52,0.0259,0.2008,Europe/London,1:00:00,Europe/London,21:00:00,Europe/London
ER4,ER,FEI,IFLL1,futures-stir,price_bid_ask,EUR,2500,10,1000,,10,0.52,0.03,0.1733,Europe/London,1:00:00,Europe/London,21:00:00,Europe/London
ER5,ER,FEI,IFLL1,futures-stir,price_bid_ask,EUR,2500,10,1000,,10,0.525,0.0332,0.1581,Europe/London,1:00:00,Europe/London,21:00:00,Europe/London
ER6,ER,FEI,IFLL1,futures-stir,price_bid_ask,EUR,2500,10,1000,,10,0.53,,,Europe/London,1:00:00,Europe/London,21:00:00,Europe/London
SFI1,SFI,SON3,,futures-stir,price_bid_ask,GBP,2500,10,1000,,10,0.44,0.0153,0.2876,Europe/London,7:30:00,Europe/London,18:00:00,Europe/London
SFI2,SFI,SON3,,futures-stir,price_bid_ask,GBP,2500,10,1000,,10,0.57,0.0229,0.2489,Europe/London,7:30:00,Europe/London,18:00:00,Europe/London
SFI3,SFI,SON3,,futures-stir,price_bid_ask,GBP,2500,10,1000,,10,0.64,0.033,0.1939,Europe/London,7:30:00,Europe/London,18:00:00,Europe/London
SFI4,SFI,SON3,,futures-stir,price_bid_ask,GBP,2500,10,1000,,10,0.71,0.04,0.1775,Europe/London,7:30:00,Europe/London,18:00:00,Europe/London
SFI5,SFI,SON3,,futures-stir,price_bid_ask,GBP,2500,10,1000,,10,0.74,0.0441,0.1678,Europe/London,7:30:00,Europe/London,18:00:00,Europe/London
ZB1,ZB,NBB,,futures-stir,price_bid_ask,NZD,10000,10,1000,,170,1.2,0.0058,2.069,Pacific/Auckland,8:30:00,Pacific/Auckland,7:00:00,Pacific/Auckland
ZB2,ZB,NBB,,futures-stir,price_bid_ask,NZD,10000,10,1000,,170,1.24,0.0075,1.6533,Pacific/Auckland,8:30:00,Pacific/Auckland,7:00:00,Pacific/Auckland
ZB3,ZB,NBB,,futures-stir,price_bid_ask,NZD,10000,10,1000,,170,1.3,0.0086,1.5116,Pacific/Auckland,8:30:00,Pacific/Auckland,7:00:00,Pacific/Auckland
ZB4,ZB,NBB,,futures-stir,price_bid_ask,NZD,10000,10,1000,,170,1.4,0.0096,1.4583,Pacific/Auckland,8:30:00,Pacific/Auckland,7:00:00,Pacific/Auckland
ZB5,ZB,NBB,,futures-stir,price_bid_ask,NZD,10400,10,1000,,170,0.52,,,Pacific/Auckland,8:30:00,Pacific/Auckland,7:00:00,Pacific/Auckland
SFR1,SFR,SRA,,futures-stir,price_bid_ask,USD,2500,10,1000,,50,0.3,0.0126,0.2381,America/New_York,18:00:00,America/New_York,17:00:00,America/New_York
SFR2,SFR,SRA,,futures-stir,price_bid_ask,USD,2500,10,1000,,50,0.51,0.0211,0.2417,America/New_York,18:00:00,America/New_York,17:00:00,America/New_York
SFR3,SFR,SRA,,futures-stir,price_bid_ask,USD,2500,10,1000,,50,0.56,0.0305,0.1836,America/New_York,18:00:00,America/New_York,17:00:00,America/New_York
SFR4,SFR,SRA,,futures-stir,price_bid_ask,USD,2500,10,1000,,50,0.57,0.0354,0.161,America/New_York,18:00:00,America/New_York,17:00:00,America/New_York
SFR5,SFR,SRA,,futures-stir,price_bid_ask,USD,2500,10,1000,,50,0.58,0.0416,0.1394,America/New_York,18:00:00,America/New_York,17:00:00,America/New_York
XM1,XM,YTC,XSFE,futures-tsy,price_bid_ask,AUD,1000,10,1000,,70,3.9,0.4554,0.0856,Australia/Sydney,8:32:00,Australia/Sydney,7:00:00,Australia/Sydney
YM1,YM,YTT,XSFE,futures-tsy,price_bid_ask,AUD,1000,10,1000,,40,1.7,0.1475,0.1153,Australia/Sydney,8:30:00,Australia/Sydney,7:00:00,Australia/Sydney
CN1,CN,CGB,XMOD1,futures-tsy,price_bid_ask,CAD,1000,10,1000,,100,0.9,0.3563,0.0253,Canada/Eastern,20:00:00,Canada/Eastern,16:30:00,Canada/Eastern
CV1,CV,CGZ,XMOD1,futures-tsy,price_bid_ask,CAD,1000,10,1000,,150,1.1,,,Canada/Eastern,20:00:00,Canada/Eastern,16:30:00,Canada/Eastern
XQ1,XQ,CGF,XMOD1,futures-tsy,price_bid_ask,CAD,1000,10,1000,,150,1.3,,,Canada/Eastern,20:00:00,Canada/Eastern,16:30:00,Canada/Eastern
DU1,DU,FGBS,XEUR,futures-tsy,price_bid_ask,EUR,1000,10,1000,,10,0.46,0.0632,0.0728,Europe/Berlin,0:15:00,UTC,22:00:00,Europe/Berlin
OE1,OE,FGBM,XEUR,futures-tsy,price_bid_ask,EUR,1000,10,1000,,10,0.8,0.1841,0.0435,Europe/Berlin,0:15:00,UTC,22:00:00,Europe/Berlin
RX1,RX,FGBL,XEUR,futures-tsy,price_bid_ask,EUR,1000,10,1000,,10,0.67,0.3301,0.0203,Europe/Berlin,0:15:00,UTC,22:00:00,Europe/Berlin
UB1,UB,FGBX,XEUR,futures-tsy,price_bid_ask,EUR,1000,10,1000,,100,1.8,0.778,0.0231,Europe/Berlin,0:15:00,UTC,22:00:00,Europe/Berlin
OAT1,OAT,FOAT,,futures-tsy,price_bid_ask,EUR,1000,10,1000,,150,0.87,0.3221,0.027,Europe/Paris,0:15:00,UTC,22:00:00,Europe/Paris
BTS1,BTS,FBTS,,futures-tsy,price_bid_ask,EUR,1000,75,150,,50,0.94,,,Europe/Rome,8:00:00,Europe/Rome,19:00:00,Europe/Rome
IK1,IK,FBTP,XEUR,futures-tsy,price_bid_ask,EUR,1000,10,1000,,100,0.98,0.5303,0.0185,Europe/Rome,8:00:00,Europe/Rome,19:00:00,Europe/Rome
G1,G ,FLG,IFLL,futures-tsy,price_bid_ask,GBP,1000,10,1000,,40,0.96,0.3794,0.0253,Europe/London,8:00:00,Europe/London,18:00:00,Europe/London
JB1,JB,JGB,XOSE,futures-tsy,price_bid_ask,JPY,1000000,10,1000,,15,0.71,0.1734,0.0409,Asia/Tokyo,8:45:00,Asia/Tokyo,5:55:00,Asia/Tokyo
KAA1,KAA,10TB,XKFE,futures-tsy,price_bid_ask,KRW,1000000,10,1000,,20,0.88,0.3114,0.0283,Asia/Seoul,9:00:00,Asia/Seoul,15:35:00,Asia/Seoul
KE1,KE,KTB,XKFE,futures-tsy,price_bid_ask,KRW,1000000,10,1000,,10,0.93,0.1371,0.0678,Asia/Seoul,9:00:00,Asia/Seoul,15:35:00,Asia/Seoul
FV1,FV,FV,XCBT,futures-tsy,price_bid_ask,USD,1000,10,1000,,10,0.675,0.2214,0.0305,America/New_York,18:00:00,America/New_York,17:00:00,America/New_York
TU1,TU,TU,XCBT,futures-tsy,price_bid_ask,USD,2000,10,1000,,10,0.38,0.0809,0.047,America/New_York,18:00:00,America/New_York,17:00:00,America/New_York
TY1,TY,TY,XCBT,futures-tsy,price_bid_ask,USD,1000,10,1000,,10,1.25,0.3495,0.0358,America/New_York,18:00:00,America/New_York,17:00:00,America/New_York
US1,US,US,XCBT,futures-tsy,price_bid_ask,USD,1000,10,1000,,20,2.1,0.6321,0.0332,America/New_York,18:00:00,America/New_York,17:00:00,America/New_York
UXY1,UXY,TN,XCBT,futures-tsy,price_bid_ask,USD,1000,10,1000,,15,1.2,,,America/New_York,18:00:00,America/New_York,17:00:00,America/New_York
WN1,WN,AUL,XCBT,futures-tsy,price_bid_ask,USD,1000,10,1000,,100,2,0.8408,0.0238,America/New_York,18:00:00,America/New_York,17:00:00,America/New_York
FVS1,FVS,FVS,,futures-volatility,price_bid_ask,EUR,100,0,200,,100,36,,,Europe/Berlin,0:15:00,UTC,22:00:00,Europe/Berlin
FVS2,FVS,FVS,,futures-volatility,price_bid_ask,EUR,100,0,200,,100,29.14,,,Europe/Berlin,0:15:00,UTC,22:00:00,Europe/Berlin
FVS3,FVS,FVS,,futures-volatility,price_bid_ask,EUR,100,0,200,,300,30.8,,,Europe/Berlin,0:15:00,UTC,22:00:00,Europe/Berlin
UX1,UX,VX,XCBF1,futures-volatility,price_bid_ask,USD,1000,0,200,,120,24,5.0623,0.0474,America/New_York,18:00:00,America/New_York,17:00:00,America/New_York
UX2,UX,VX,XCBF1,futures-volatility,price_bid_ask,USD,1000,0,200,,150,25.06,5.0623,0.0474,America/New_York,18:00:00,America/New_York,17:00:00,America/New_York
UX3,UX,VX,XCBF1,futures-volatility,price_bid_ask,USD,1000,0,200,,200,24.85,5.0623,0.0474,America/New_York,18:00:00,America/New_York,17:00:00,America/New_York
MO1,MO,CFI2,,futures-emission,price_bid_ask,EUR,1000,0,1000,,300,6.13,,,Europe/Paris,8:00:00,Europe/Paris,18:00:00,Europe/Paris
BTC1,BTC,BTC,,futures-fx,price_bid_ask,USD,5,100,1000000,,300,7.8,,,America/New_York,18:00:00,America/New_York,17:00:00,America/New_York
SFR_1_2,SFR,SRA,,futures_cs-stir,price_bid_ask,USD,2500,-5,5,,2000,66,,,America/New_York,18:00:00,America/New_York,17:00:00,America/New_York
SFR_2_3,SFR,SRA,,futures_cs-stir,price_bid_ask,USD,2500,-5,5,,1500,59,,,America/New_York,18:00:00,America/New_York,17:00:00,America/New_York
SFR_3_4,SFR,SRA,,futures_cs-stir,price_bid_ask,USD,2500,-5,5,,500,56,,,America/New_York,18:00:00,America/New_York,17:00:00,America/New_York
SFR_4_5,SFR,SRA,,futures_cs-stir,price_bid_ask,USD,2500,-5,5,,500,55,,,America/New_York,18:00:00,America/New_York,17:00:00,America/New_York
BA_1_2,BA,BAX,,futures_cs-stir,price_bid_ask,CAD,2500,-5,5,,2000,65,,,Canada/Eastern,2:00:00,Canada/Eastern,16:30:00,Canada/Eastern
BA_2_3,BA,BAX,,futures_cs-stir,price_bid_ask,CAD,2500,-5,5,,1250,59,,,Canada/Eastern,2:00:00,Canada/Eastern,16:30:00,Canada/Eastern
BA_3_4,BA,BAX,,futures_cs-stir,price_bid_ask,CAD,2500,-5,5,,1250,58,,,Canada/Eastern,2:00:00,Canada/Eastern,16:30:00,Canada/Eastern
ER_1_2,ER,FEI,IFLL1,futures_cs-stir,price_bid_ask,EUR,2500,-5,5,,200,52,,,Europe/London,1:00:00,Europe/London,21:00:00,Europe/London
ER_2_3,ER,FEI,IFLL1,futures_cs-stir,price_bid_ask,EUR,2500,-5,5,,150,51,,,Europe/London,1:00:00,Europe/London,21:00:00,Europe/London
ER_3_4,ER,FEI,IFLL1,futures_cs-stir,price_bid_ask,EUR,2500,-5,5,,150,51,,,Europe/London,1:00:00,Europe/London,21:00:00,Europe/London
SFI_1_2,SFI,SON3,,futures_cs-stir,price_bid_ask,GBP,2500,-5,5,,1000,115,,,Europe/London,7:30:00,Europe/London,18:00:00,Europe/London
SFI_2_3,SFI,SON3,,futures_cs-stir,price_bid_ask,GBP,2500,-5,5,,500,60,,,Europe/London,7:30:00,Europe/London,18:00:00,Europe/London
SFI_3_4,SFI,SON3,,futures_cs-stir,price_bid_ask,GBP,2500,-5,5,,500,58,,,Europe/London,7:30:00,Europe/London,18:00:00,Europe/London
SFI_4_5,SFI,SON3,,futures_cs-stir,price_bid_ask,GBP,2500,-5,5,,500,57,,,Europe/London,7:30:00,Europe/London,18:00:00,Europe/London
SSY_1_2,SSY,SARO3,,futures_cs-stir,price_bid_ask,CHF,2500,-5,5,,1500,173,,,Europe/London,7:30:00,Europe/London,18:00:00,Europe/London
SSY_2_3,SSY,SARO3,,futures_cs-stir,price_bid_ask,CHF,2500,-5,5,,1500,73,,,Europe/London,7:30:00,Europe/London,18:00:00,Europe/London
SSY_3_4,SSY,SARO3,,futures_cs-stir,price_bid_ask,CHF,2500,-5,5,,1000,68,,,Europe/London,7:30:00,Europe/London,18:00:00,Europe/London
SSY_4_5,SSY,SARO3,,futures_cs-stir,price_bid_ask,CHF,2500,-5,5,,1000,65,,,Europe/London,7:30:00,Europe/London,18:00:00,Europe/London
IR_1_2,IR,YBA,,futures_cs-stir,price_bid_ask,AUD,10000,,,,,,,,Australia/Sydney,8:28:00,Australia/Sydney,7:30:00,Australia/Sydney
IR_2_3,IR,YBA,,futures_cs-stir,price_bid_ask,AUD,10000,,,,,,,,Australia/Sydney,8:28:00,Australia/Sydney,7:30:00,Australia/Sydney
IR_3_4,IR,YBA,,futures_cs-stir,price_bid_ask,AUD,10000,,,,,,,,Australia/Sydney,8:28:00,Australia/Sydney,7:30:00,Australia/Sydney
ZB_1_2,ZB,NBB,,futures_cs-stir,price_bid_ask,NZD,10000,,,,,,,,Pacific/Auckland,8:30:00,Pacific/Auckland,7:00:00,Pacific/Auckland
ZB_2_3,ZB,NBB,,futures_cs-stir,price_bid_ask,NZD,10000,,,,,,,,Pacific/Auckland,8:30:00,Pacific/Auckland,7:00:00,Pacific/Auckland
ZB_3_4,ZB,NBB,,futures_cs-stir,price_bid_ask,NZD,10000,,,,,,,,Pacific/Auckland,8:30:00,Pacific/Auckland,7:00:00,Pacific/Auckland
BRL1MNDF=,,,,fx_fwds-ndf,price_bid_ask,BRL,,,,,,,,,,,,,
CLP1MNDF=,,,,fx_fwds-ndf,price_bid_ask,CLP,,,,,,,,,,,,,
INR1MNDF=,,,,fx_fwds-ndf,price_bid_ask,INR,,,,,,,,,,,,,
INR3MNDF=,,,,fx_fwds-ndf,price_bid_ask,INR,,,,,,,,,,,,,
INR6MNDF=,,,,fx_fwds-ndf,price_bid_ask,INR,,,,,,,,,,,,,
INR1YNDF=,,,,fx_fwds-ndf,price_bid_ask,INR,,,,,,,,,,,,,
KRW1MNDF=,,,,fx_fwds-ndf,price_bid_ask,KRW,,,,,,,,,UTC,0:00:00,UTC,11:00:00,UTC
KRW3MNDF=,,,,fx_fwds-ndf,price_bid_ask,KRW,,,,,,,,,UTC,0:00:00,UTC,11:00:00,UTC
KRW6MNDF=,,,,fx_fwds-ndf,price_bid_ask,KRW,,,,,,,,,UTC,0:00:00,UTC,11:00:00,UTC
KRW1YNDF=,,,,fx_fwds-ndf,price_bid_ask,KRW,,,,,,,,,UTC,0:00:00,UTC,11:00:00,UTC
TWD1MNDF=,,,,fx_fwds-ndf,price_bid_ask,TWD,,,,,,,,,,,,,
BRL1M=,,,,fx_fwds-pts_em,price_bid_ask,BRL,10000,,,,,,,,,,,,
BRL3M=,,,,fx_fwds-pts_em,price_bid_ask,BRL,10000,,,,,,,,,,,,
BRL6M=,,,,fx_fwds-pts_em,price_bid_ask,BRL,10000,,,,,,,,,,,,
BRL1Y=,,,,fx_fwds-pts_em,price_bid_ask,BRL,10000,,,,,,,,,,,,
CLP1M=,,,,fx_fwds-pts_em,price_bid_ask,CLP,10000,,,,,,,,,,,,
CLP3M=,,,,fx_fwds-pts_em,price_bid_ask,CLP,10000,,,,,,,,,,,,
CLP6M=,,,,fx_fwds-pts_em,price_bid_ask,CLP,10000,,,,,,,,,,,,
CLP1Y=,,,,fx_fwds-pts_em,price_bid_ask,CLP,10000,,,,,,,,,,,,
CNH1M=,,,,fx_fwds-pts_em,price_bid_ask,CNH,10000,,,,,,,,,,,,
CNH3M=,,,,fx_fwds-pts_em,price_bid_ask,CNH,10000,,,,,,,,,,,,
CNH6M=,,,,fx_fwds-pts_em,price_bid_ask,CNH,10000,,,,,,,,,,,,
CNH1Y=,,,,fx_fwds-pts_em,price_bid_ask,CNH,10000,,,,,,,,,,,,
CNY1M=,,,,fx_fwds-pts_em,price_bid_ask,CNY,10000,,,,,,,,,,,,
CNY3M=,,,,fx_fwds-pts_em,price_bid_ask,CNY,10000,,,,,,,,,,,,
CNY6M=,,,,fx_fwds-pts_em,price_bid_ask,CNY,10000,,,,,,,,,,,,
CNY1Y=,,,,fx_fwds-pts_em,price_bid_ask,CNY,10000,,,,,,,,,,,,
CZK1M=,,,,fx_fwds-pts_em,price_bid_ask,CZK,10000,,,,,,,,,,,,
CZK3M=,,,,fx_fwds-pts_em,price_bid_ask,CZK,10000,,,,,,,,,,,,
CZK6M=,,,,fx_fwds-pts_em,price_bid_ask,CZK,10000,,,,,,,,,,,,
CZK1Y=,,,,fx_fwds-pts_em,price_bid_ask,CZK,10000,,,,,,,,,,,,
HKD1M=,,,,fx_fwds-pts_em,price_bid_ask,HKD,10000,,,,,,,,Asia/Hong_Kong,6:30:00,Asia/Hong_Kong,6:00:00,Asia/Hong_Kong
HKD3M=,,,,fx_fwds-pts_em,price_bid_ask,HKD,10000,,,,,,,,Asia/Hong_Kong,6:30:00,Asia/Hong_Kong,6:00:00,Asia/Hong_Kong
HKD6M=,,,,fx_fwds-pts_em,price_bid_ask,HKD,10000,-700,700,,100,15,,,Asia/Hong_Kong,6:30:00,Asia/Hong_Kong,6:00:00,Asia/Hong_Kong
HKD1Y=,,,,fx_fwds-pts_em,price_bid_ask,HKD,10000,-1000,1000,,200,28,,,Asia/Hong_Kong,6:30:00,Asia/Hong_Kong,6:00:00,Asia/Hong_Kong
HUF1M=,,,,fx_fwds-pts_em,price_bid_ask,HUF,10000,,,,,,,,,,,,
HUF3M=,,,,fx_fwds-pts_em,price_bid_ask,HUF,10000,,,,,,,,,,,,
HUF6M=,,,,fx_fwds-pts_em,price_bid_ask,HUF,10000,,,,,,,,,,,,
HUF1Y=,,,,fx_fwds-pts_em,price_bid_ask,HUF,10000,,,,,,,,,,,,
ILS1M=,,,,fx_fwds-pts_em,price_bid_ask,ILS,10000,,,,,,,,,,,,
ILS3M=,,,,fx_fwds-pts_em,price_bid_ask,ILS,10000,,,,,,,,,,,,
ILS6M=,,,,fx_fwds-pts_em,price_bid_ask,ILS,10000,,,,,,,,,,,,
ILS1Y=,,,,fx_fwds-pts_em,price_bid_ask,ILS,10000,,,,,,,,,,,,
IDR1M=,,,,fx_fwds-pts_em,price_bid_ask,INR,10000,,,,,,,,,,,,
IDR3M=,,,,fx_fwds-pts_em,price_bid_ask,INR,10000,,,,,,,,,,,,
IDR6M=,,,,fx_fwds-pts_em,price_bid_ask,INR,10000,,,,,,,,,,,,
IDR1Y=,,,,fx_fwds-pts_em,price_bid_ask,INR,10000,,,,,,,,,,,,
INR1M=,,,,fx_fwds-pts_em,price_bid_ask,INR,10000,,,,,,,,,,,,
INR3M=,,,,fx_fwds-pts_em,price_bid_ask,INR,10000,,,,,,,,,,,,
INR6M=,,,,fx_fwds-pts_em,price_bid_ask,INR,10000,,,,,,,,,,,,
INR1Y=,,,,fx_fwds-pts_em,price_bid_ask,INR,10000,,,,,,,,,,,,
KRW1M=,,,,fx_fwds-pts_em,price_bid_ask,KRW,10000,,,,,,,,UTC,0:00:00,UTC,22:00:00,UTC
KRW3M=,,,,fx_fwds-pts_em,price_bid_ask,KRW,10000,,,,,,,,UTC,0:00:00,UTC,22:00:00,UTC
KRW6M=,,,,fx_fwds-pts_em,price_bid_ask,KRW,10000,-2500,2500,,1500,740,,,UTC,0:00:00,UTC,22:00:00,UTC
KRW1Y=,,,,fx_fwds-pts_em,price_bid_ask,KRW,10000,-4000,4000,,3000,1400,,,UTC,0:00:00,UTC,22:00:00,UTC
MXN1M=,,,,fx_fwds-pts_em,price_bid_ask,MXN,10000,,,,,,,,,,,,
MXN3M=,,,,fx_fwds-pts_em,price_bid_ask,MXN,10000,,,,,,,,,,,,
MXN6M=,,,,fx_fwds-pts_em,price_bid_ask,MXN,10000,,,,,,,,,,,,
MXN1Y=,,,,fx_fwds-pts_em,price_bid_ask,MXN,10000,,,,,,,,,,,,
PLN1M=,,,,fx_fwds-pts_em,price_bid_ask,PLN,10000,,,,,,,,,,,,
PLN3M=,,,,fx_fwds-pts_em,price_bid_ask,PLN,10000,,,,,,,,,,,,
PLN6M=,,,,fx_fwds-pts_em,price_bid_ask,PLN,10000,,,,,,,,,,,,
PLN1Y=,,,,fx_fwds-pts_em,price_bid_ask,PLN,10000,,,,,,,,,,,,
RUB1M=,,,,fx_fwds-pts_em,price_bid_ask,RUB,10000,,,,,,,,,,,,
RUB3M=,,,,fx_fwds-pts_em,price_bid_ask,RUB,10000,,,,,,,,,,,,
RUB6M=,,,,fx_fwds-pts_em,price_bid_ask,RUB,10000,,,,,,,,,,,,
RUB1Y=,,,,fx_fwds-pts_em,price_bid_ask,RUB,10000,,,,,,,,,,,,
SGD1M=,,,,fx_fwds-pts_em,price_bid_ask,SGD,10000,,,,,,,,Asia/Singapore,7:00:00,Asia/Singapore,5:15:00,Asia/Singapore
SGD3M=,,,,fx_fwds-pts_em,price_bid_ask,SGD,10000,,,,,,,,Asia/Singapore,7:00:00,Asia/Singapore,5:15:00,Asia/Singapore
SGD6M=,,,,fx_fwds-pts_em,price_bid_ask,SGD,10000,,,,,,,,Asia/Singapore,7:00:00,Asia/Singapore,5:15:00,Asia/Singapore
SGD1Y=,,,,fx_fwds-pts_em,price_bid_ask,SGD,10000,,,,,,,,Asia/Singapore,7:00:00,Asia/Singapore,5:15:00,Asia/Singapore
THB1M=,,,,fx_fwds-pts_em,price_bid_ask,THB,10000,,,,,,,,,,,,
THB3M=,,,,fx_fwds-pts_em,price_bid_ask,THB,10000,,,,,,,,,,,,
THB6M=,,,,fx_fwds-pts_em,price_bid_ask,THB,10000,,,,,,,,,,,,
THB1Y=,,,,fx_fwds-pts_em,price_bid_ask,THB,10000,,,,,,,,,,,,
TRY1M=,,,,fx_fwds-pts_em,price_bid_ask,TRY,10000,,,,,,,,,,,,
TRY3M=,,,,fx_fwds-pts_em,price_bid_ask,TRY,10000,,,,,,,,,,,,
TRY6M=,,,,fx_fwds-pts_em,price_bid_ask,TRY,10000,,,,,,,,,,,,
TRY1Y=,,,,fx_fwds-pts_em,price_bid_ask,TRY,10000,,,,,,,,,,,,
TWD1M=,,,,fx_fwds-pts_em,price_bid_ask,TWD,10000,,,,,,,,Asia/Taipei,8:00:00,Asia/Taipei,5:30:00,Asia/Taipei
TWD3M=,,,,fx_fwds-pts_em,price_bid_ask,TWD,10000,,,,,,,,Asia/Taipei,8:00:00,Asia/Taipei,5:30:00,Asia/Taipei
TWD6M=,,,,fx_fwds-pts_em,price_bid_ask,TWD,10000,,,,,,,,Asia/Taipei,8:00:00,Asia/Taipei,5:30:00,Asia/Taipei
TWD1Y=,,,,fx_fwds-pts_em,price_bid_ask,TWD,10000,,,,,,,,Asia/Taipei,8:00:00,Asia/Taipei,5:30:00,Asia/Taipei
CAD1M=,,,,fx_fwds-pts_g10,price_bid_ask,CAD,10000,,,,,,,,UTC,22:30:00,UTC,22:00:00,UTC
CAD3M=,,,,fx_fwds-pts_g10,price_bid_ask,CAD,10000,,,,,,,,UTC,22:30:00,UTC,22:00:00,UTC
CAD6M=,,,,fx_fwds-pts_g10,price_bid_ask,CAD,10000,-150,150,,30,2,,,UTC,22:30:00,UTC,22:00:00,UTC
CAD1Y=,,,,fx_fwds-pts_g10,price_bid_ask,CAD,10000,-300,300,,65,5,,,UTC,22:30:00,UTC,22:00:00,UTC
CHF1M=,,,,fx_fwds-pts_g10,price_bid_ask,CHF,10000,,,,,,,,UTC,22:30:00,UTC,22:00:00,UTC
CHF3M=,,,,fx_fwds-pts_g10,price_bid_ask,CHF,10000,,,,,,,,UTC,22:30:00,UTC,22:00:00,UTC
CHF6M=,,,,fx_fwds-pts_g10,price_bid_ask,CHF,10000,-250,250,,20,2.2,,,UTC,22:30:00,UTC,22:00:00,UTC
CHF1Y=,,,,fx_fwds-pts_g10,price_bid_ask,CHF,10000,-500,500,,30,6,,,UTC,22:30:00,UTC,22:00:00,UTC
JPY1M=,,,,fx_fwds-pts_g10,price_bid_ask,JPY,100,,,,,,,,UTC,22:30:00,UTC,22:00:00,UTC
JPY3M=,,,,fx_fwds-pts_g10,price_bid_ask,JPY,100,,,,,,,,UTC,22:30:00,UTC,22:00:00,UTC
JPY6M=,,,,fx_fwds-pts_g10,price_bid_ask,JPY,100,-500,500,,25,1.6,,,UTC,22:30:00,UTC,22:00:00,UTC
JPY1Y=,,,,fx_fwds-pts_g10,price_bid_ask,JPY,100,-1000,1000,,60,3.5,,,UTC,22:30:00,UTC,22:00:00,UTC
NOK1M=,,,,fx_fwds-pts_g10,price_bid_ask,NOK,10000,,,,,,,,UTC,22:30:00,UTC,22:00:00,UTC
NOK3M=,,,,fx_fwds-pts_g10,price_bid_ask,NOK,10000,,,,,,,,UTC,22:30:00,UTC,22:00:00,UTC
NOK6M=,,,,fx_fwds-pts_g10,price_bid_ask,NOK,10000,,,,,,,,UTC,22:30:00,UTC,22:00:00,UTC
NOK1Y=,,,,fx_fwds-pts_g10,price_bid_ask,NOK,10000,,,,,,,,UTC,22:30:00,UTC,22:00:00,UTC
SEK1M=,,,,fx_fwds-pts_g10,price_bid_ask,SEK,10000,,,,,,,,UTC,22:30:00,UTC,22:00:00,UTC
SEK3M=,,,,fx_fwds-pts_g10,price_bid_ask,SEK,10000,,,,,,,,UTC,22:30:00,UTC,22:00:00,UTC
SEK6M=,,,,fx_fwds-pts_g10,price_bid_ask,SEK,10000,,,,,,,,UTC,22:30:00,UTC,22:00:00,UTC
SEK1Y=,,,,fx_fwds-pts_g10,price_bid_ask,SEK,10000,,,,,,,,UTC,22:30:00,UTC,22:00:00,UTC
AUD1M=,,,,fx_fwds-pts_g10,price_bid_ask,USD,10000,,,,,,,,UTC,22:30:00,UTC,22:00:00,UTC
AUD3M=,,,,fx_fwds-pts_g10,price_bid_ask,USD,10000,,,,,,,,UTC,22:30:00,UTC,22:00:00,UTC
AUD6M=,,,,fx_fwds-pts_g10,price_bid_ask,USD,10000,-300,300,,15,0.8,,,UTC,22:30:00,UTC,22:00:00,UTC
AUD1Y=,,,,fx_fwds-pts_g10,price_bid_ask,USD,10000,-1000,1000,,25,1.8,,,UTC,22:30:00,UTC,22:00:00,UTC
EUR1M=,,,,fx_fwds-pts_g10,price_bid_ask,USD,10000,,,,,,,,UTC,22:30:00,UTC,22:00:00,UTC
EUR3M=,,,,fx_fwds-pts_g10,price_bid_ask,USD,10000,,,,,,,,UTC,22:30:00,UTC,22:00:00,UTC
EUR6M=,,,,fx_fwds-pts_g10,price_bid_ask,USD,10000,-200,200,,30,1.8,,,UTC,22:30:00,UTC,22:00:00,UTC
EUR1Y=,,,,fx_fwds-pts_g10,price_bid_ask,USD,10000,-500,500,,40,3.2,,,UTC,22:30:00,UTC,22:00:00,UTC
GBP1M=,,,,fx_fwds-pts_g10,price_bid_ask,USD,10000,,,,,,,,UTC,22:30:00,UTC,22:00:00,UTC
GBP3M=,,,,fx_fwds-pts_g10,price_bid_ask,USD,10000,,,,,,,,UTC,22:30:00,UTC,22:00:00,UTC
GBP6M=,,,,fx_fwds-pts_g10,price_bid_ask,USD,10000,-350,350,,35,1.9,,,UTC,22:30:00,UTC,22:00:00,UTC
GBP1Y=,,,,fx_fwds-pts_g10,price_bid_ask,USD,10000,-700,700,,70,5.8,,,UTC,22:30:00,UTC,22:00:00,UTC
NZD1M=,,,,fx_fwds-pts_g10,price_bid_ask,USD,10000,,,,,,,,UTC,22:30:00,UTC,22:00:00,UTC
NZD3M=,,,,fx_fwds-pts_g10,price_bid_ask,USD,10000,,,,,,,,UTC,22:30:00,UTC,22:00:00,UTC
NZD6M=,,,,fx_fwds-pts_g10,price_bid_ask,USD,10000,-300,300,,20,1.4,,,UTC,22:30:00,UTC,22:00:00,UTC
NZD1Y=,,,,fx_fwds-pts_g10,price_bid_ask,USD,10000,-600,600,,50,3.8,,,UTC,22:30:00,UTC,22:00:00,UTC
KRW1MV=,,,,fx_fwds,,,,,,,,,,,,,,,
KRW3MV=,,,,fx_fwds,,,,,,,,,,,,,,,
KRW6MV=,,,,fx_fwds,,,,,,,,,,,,,,,
KRW1YV=,,,,fx_fwds,,,,,,,,,,,,,,,
BRL=,,,FX,fx-em,price_bid_ask,BRL,,,,,,,,,UTC,11:00:00,UTC,22:00:00,UTC
CLP=,,,,fx-em,price_bid_ask,CLP,,100,10000,,60,10,,,UTC,,,22:00:00,UTC
CNH=,,,FX,fx-em,price_bid_ask,CNH,,,,,,,,,UTC,22:30:00,UTC,22:00:00,UTC
CNY=,,,,fx-em,price_bid_ask,CNY,,,,,,,,,,,,,
COP=,,,,fx-em,price_bid_ask,COP,,,,,,,,,,,,,
CZK=,,,,fx-em,price_bid_ask,CZK,,,,,,,,,,,,,
HKD=,,,,fx-em,price_bid_ask,HKD,,1,100,,3,0.3,,,,,,,
HUF=,,,,fx-em,price_bid_ask,HUF,,,,,,,,,,,,,
IDR=,,,,fx-em,price_bid_ask,IDR,,,,,,,,,,,,,
ILS=,,,,fx-em,price_bid_ask,ILS,,,,,,,,,,,,,
INR=,,,,fx-em,price_bid_ask,INR,,5,500,,15,2,,,,,,,
KRW=,,,,fx-em,price_bid_ask,KRW,,100,10000,,33,4.9,,,UTC,0:00:00,UTC,22:00:00,UTC
MXN=,,,,fx-em,price_bid_ask,MXN,,1,100,,60,6.1,,,UTC,22:30:00,UTC,22:00:00,UTC
MYR=,,,,fx-em,price_bid_ask,MYR,,,,,,,,,,,,,
PEN=,,,,fx-em,price_bid_ask,PEN,,,,,,,,,,,,,
PHP=,,,,fx-em,price_bid_ask,PHP,,,,,,,,,,,,,
PLN=,,,,fx-em,price_bid_ask,PLN,,,,,,,,,,,,,
RUB=,,,,fx-em,price_bid_ask,RUB,,,,,,,,,,,,,
SGD=,,,,fx-em,price_bid_ask,SGD,,0.1,10,,12,3.3,,,,,,,
THB=,,,,fx-em,price_bid_ask,THB,,5,500,,40,6.3,,,,,,,
TRY=,,,,fx-em,price_bid_ask,TRY,,,,,,,,,,,,,
TWD=,,,,fx-em,price_bid_ask,TWD,,5,500,,60,8.6,,,,,,,
ZAR=,,,FX,fx-em,price_bid_ask,ZAR,,,,,,,,,UTC,22:30:00,UTC,22:00:00,UTC
CAD=,,,FX,fx-g10,price_bid_ask,CAD,,,,,,,,,UTC,22:30:00,UTC,22:00:00,UTC
CHF=,,,FX,fx-g10,price_bid_ask,CHF,,,,,,,,,UTC,22:30:00,UTC,22:00:00,UTC
JPY=,,,FX,fx-g10,price_bid_ask,JPY,,10,1000,,20,1.9,,,UTC,22:30:00,UTC,22:00:00,UTC
NOK=,,,FX,fx-g10,price_bid_ask,NOK,,,,,,,,,UTC,22:30:00,UTC,22:00:00,UTC
SEK=,,,FX,fx-g10,price_bid_ask,SEK,,,,,,,,,UTC,22:30:00,UTC,22:00:00,UTC
AUD=,,,FX,fx-g10,price_bid_ask,USD,,0.1,10,,45,2.9,,,UTC,22:30:00,UTC,22:00:00,UTC
EUR=,,,FX,fx-g10,price_bid_ask,USD,,,,,,,,,UTC,22:30:00,UTC,22:00:00,UTC
GBP=,,,FX,fx-g10,price_bid_ask,USD,,,,,,,,,UTC,22:30:00,UTC,22:00:00,UTC
NZD=,,,FX,fx-g10,price_bid_ask,USD,,,,,,,,,UTC,22:30:00,UTC,22:00:00,UTC
XAU=,,,,fx-commo,price_bid_ask,USD,,100,10000,,120,3.4,,,UTC,22:30:00,UTC,22:00:00,UTC
.FTXIN9,,.FTXIN9,,indices-equity,price_close,CNY,,1000,100000,,,,,,Asia/Shanghai,9:30:00,Asia/Shanghai,15:00:00,Asia/Shanghai
.MXX,,.MXX,,indices-equity,price_close,MXN,,5000,78000,,,,,,America/New_York,9:30:00,America/New_York,16:15:00,America/New_York
.NZ50,,.NZ50,,indices-equity,price_close,NZD,,1000,100000,,,,,,Pacific/Auckland,10:00:00,Pacific/Auckland,16:45:00,Pacific/Auckland
.SPX,,.SPX,,indices-equity,price_close,USD,,,,,,,,,America/New_York,9:30:00,America/New_York,16:20:00,America/New_York
.VIX,,.VIX,XCBF,indices-volatility,price_close,USD,,0,100,,,,,,America/New_York,3:15:00,America/New_York,16:15:00,America/New_York
.V2TX,,.V2TX,,indices-volatility,price_close,EUR,,0,100,,,,,,Europe/Berlin,9:15:00,Europe/Berlin,17:30:00,Europe/Berlin
.OBX,,.OBX,,indices-equity,,,,100,10000,,,,,,Europe/Oslo,9:00:00,Europe/Oslo,18:00:00,Europe/Oslo
CNNDIRS2Y=TWEB,,CNNDIRS2Y=TWEB,,irs_tweb_asia,price_bid_ask,CNY,,0,10,,5,1.7,,,Asia/Shanghai,5:45:00,Asia/Shanghai,19:30:00,Asia/Shanghai
HKDQB3H2Y=TWEB,,HKDQB3H2Y=TWEB,,irs_tweb_asia,price_bid_ask,HKD,,0,10,,15,2.1,,,Asia/Hong_Kong,8:30:00,Asia/Hong_Kong,16:30:00,Asia/Hong_Kong
INR2YOIS=TWEB,,INR2YOIS=TWEB,,irs_tweb_asia,price_bid_ask,INR,,,,,,,,,,,,,
INR2YNDOIS=TWEB,,INR2YNDOIS=TWEB,,irs_tweb_asia,price_bid_ask,INR,,,,,,,,,,,,,
KRNDQM3CD2Y=TWEB,,KRNDQM3CD2Y=TWEB,,irs_tweb_asia,price_bid_ask,KRW,,0,10,,15,2,,,Asia/Seoul,6:30:00,Asia/Seoul,18:15:00,Asia/Seoul
SGDSB6S2Y=TWEB,,SGDSB6S2Y=TWEB,,irs_tweb_asia,price_bid_ask,SGD,,-1,7,,5,1.6,,,Asia/Singapore,8:30:00,Asia/Singapore,17:00:00,Asia/Singapore
TWNDQM3T2Y=TWEB,,TWNDQM3T2Y=TWEB,,irs_tweb_asia,price_bid_ask,TWD,,0,10,,15,1.7,,,Asia/Taipei,8:30:00,Asia/Taipei,17:45:00,Asia/Taipei
AUDQM3AB2Y=TWEB,,AUDQM3AB2Y=TWEB,,irs_tweb_g10,price_bid_ask,AUD,,-0.05,10,,10,1.3,,,Australia/Sydney,8:30:00,Australia/Sydney,17:00:00,Australia/Sydney
CADSB3BA2Y=TWEB,,CADSB3BA2Y=TWEB,,irs_tweb_g10,price_bid_ask,CAD,,0,8,,5,1.9,,,Canada/Eastern,7:00:00,Canada/Eastern,16:30:00,Canada/Eastern
CHFAB6L2Y=TWEB,,CHFAB6L2Y=TWEB,,irs_tweb_g10,price_bid_ask,CHF,,-2.5,5,,10,1.8,,,Europe/Zurich,8:30:00,Europe/Zurich,18:15:00,Europe/Zurich
EURAB6E2Y=TWEB,,EURAB6E2Y=TWEB,,irs_tweb_g10,price_bid_ask,EUR,,-1,10,,10,1.3,,,Europe/Berlin,7:30:00,Europe/Berlin,22:00:00,Europe/Berlin
GBPSB6L2Y=TWEB,,GBPSB6L2Y=TWEB,,irs_tweb_g10,price_bid_ask,GBP,,-1,10,,5,0.7,,,Europe/London,7:30:00,Europe/London,17:30:00,Europe/London
JPYSB6L2Y=TWEB,,JPYSB6L2Y=TWEB,,irs_tweb_g10,price_bid_ask,JPY,,-1,2.5,,15,0.8,,,Asia/Tokyo,9:00:00,Asia/Tokyo,19:00:00,Asia/Tokyo
NOKAB6O2Y=TWEB,,NOKAB6O2Y=TWEB,,irs_tweb_g10,price_bid_ask,NOK,,0,10,,7.5,3,,,Europe/Oslo,8:00:00,Europe/Oslo,16:15:00,Europe/Oslo
NZDSM3NB2Y=TWEB,,NZDSM3NB2Y=TWEB,,irs_tweb_g10,price_bid_ask,NZD,,-0.5,10,,20,2.2,,,Pacific/Auckland,8:30:00,Pacific/Auckland,6:00:00,Pacific/Auckland
SEKAB3S2Y=TWEB,,SEKAB3S2Y=TWEB,,irs_tweb_g10,price_bid_ask,SEK,,-1,10,,5,2.1,,,Europe/Stockholm,8:00:00,Europe/Stockholm,16:15:00,Europe/Stockholm
USDAM3L2Y=TWEB,,USDAM3L2Y=TWEB,,irs_tweb_g10,price_bid_ask,USD,,0,8,,10,0.71,,,America/New_York,2:00:00,America/New_York,17:00:00,America/New_York
MXNMB1T26M=TWEB,,MXNMB1T26M=TWEB,,irs_tweb_latam,price_bid_ask,MXN,,0.5,20,,10,1.1,,,America/Mexico_City,5:00:00,America/Mexico_City,14:30:00,America/Mexico_City
BRL2YNDOIS=TWEB,,BRL2YNDOIS=TWEB,,irs_tweb_latam,price_bid_ask,MXN,,0.5,20,,5,2,,,America/Sao_Paulo,8:15:00,America/Sao_Paulo,18:30:00,America/Sao_Paulo
CNNDIRS2Y=,,CNNDIRS2Y=,,irs-asia,price_bid_ask,CNY,,0,10,,20,10,,,Asia/Shanghai,5:45:00,Asia/Shanghai,19:30:00,Asia/Shanghai
HKDQM3H2Y=,,HKDQM3H2Y=,,irs-asia,price_bid_ask,HKD,,0,10,,25,9.7,,,Asia/Hong_Kong,8:30:00,Asia/Hong_Kong,16:30:00,Asia/Hong_Kong
KRQMCD2Y=,,KRQMCD2Y=,,irs-asia,price_bid_ask,KRW,,0,10,,15,2,,,Asia/Seoul,6:30:00,Asia/Seoul,18:15:00,Asia/Seoul
SGDSB6SO2Y=,,SGDSB6SO2Y=,,irs-asia,price_bid_ask,SGD,,-1,7,,25,4,,,Asia/Singapore,8:30:00,Asia/Singapore,17:00:00,Asia/Singapore
TWDQM3TO2Y=,,TWDQM3TO2Y=,,irs-asia,price_bid_ask,TWD,,0,10,,15,2.2,,,Asia/Taipei,8:30:00,Asia/Taipei,17:45:00,Asia/Taipei
AUDQM3AB2Y=,,AUDQM3AB2Y=,,irs-g10,price_bid_ask,AUD,,-0.05,10,,15,9.2,,,Australia/Sydney,8:30:00,Australia/Sydney,17:00:00,Australia/Sydney
CADSB3BA2Y=,,CADSB3BA2Y=,,irs-g10,price_bid_ask,CAD,,0,8,,10,3.4,,,Canada/Eastern,7:00:00,Canada/Eastern,16:30:00,Canada/Eastern
CHFAB6L2Y=,,CHFAB6L2Y=,,irs-g10,price_bid_ask,CHF,,-2.5,5,,10,2.1,,,Europe/Zurich,8:30:00,Europe/Zurich,18:15:00,Europe/Zurich
EURAB6E2Y=,,EURAB6E2Y=,EUIRS,irs-g10,price_bid_ask,EUR,,-1,10,,10,1.1,,,Europe/Berlin,7:30:00,Europe/Berlin,22:00:00,Europe/Berlin
GBPSB6L2Y=,,GBPSB6L2Y=,GBFI,irs-g10,price_bid_ask,GBP,,-1,10,,10,1.1,,,Europe/London,7:30:00,Europe/London,17:30:00,Europe/London
JPYSB6L2Y=,,JPYSB6L2Y=,,irs-g10,price_bid_ask,JPY,,-1,2.5,,15,3.2,,,Asia/Tokyo,9:00:00,Asia/Tokyo,19:00:00,Asia/Tokyo
NOKAB6O2Y=,,NOKAB6O2Y=,,irs-g10,price_bid_ask,NOK,,0,10,,10,4.6,,,Europe/Oslo,8:00:00,Europe/Oslo,16:15:00,Europe/Oslo
NZDSM3NB2Y=,,NZDSM3NB2Y=,,irs-g10,price_bid_ask,NZD,,-0.5,10,,15,3,,,Pacific/Auckland,8:30:00,Pacific/Auckland,6:00:00,Pacific/Auckland
SEKAB3S2Y=,,SEKAB3S2Y=,,irs-g10,price_bid_ask,SEK,,-1,10,,10,2.4,,,Europe/Stockholm,8:00:00,Europe/Stockholm,16:15:00,Europe/Stockholm
USDAM3L2Y=,,USDAM3L2Y=,USFI,irs-g10,price_bid_ask,USD,,0,8,,10,3.6,,,America/New_York,20:00:00,America/New_York,17:00:00,America/New_York
BRPREOFF2Y=,,BRPREOFF2Y=,,irs-latam,price_bid_ask,BRL,,,,,,,,,America/Sao_Paulo,,America/Sao_Paulo,,America/Sao_Paulo
MXNMB1T26M=,,MXNMB1T26M=,,irs-latam,price_bid_ask,MXN,,0.5,20,,25,3.9,,,America/Mexico_City,5:00:00,America/Mexico_City,14:30:00,America/Mexico_City